{
    "resnet18_structured_local_pruning": {
        "train_loss": [
            4.75212074816227,
            4.2410507798194885
        ],
        "train_acc": [
            1.6666666666666667,
            8.92156862745098
        ],
        "val_loss": [
            4.410107910633087,
            3.998670920729637
        ],
        "val_acc": [
            4.803921568627451,
            18.03921568627451
        ],
        "test_loss": 4.0725490145115035,
        "test_acc": 14.018539599934948,
        "num_params": 11228838
    },
    "resnet18_unstructured_global_pruning": {
        "train_loss": [
            4.785847008228302,
            3.7282435446977615
        ],
        "train_acc": [
            2.450980392156863,
            22.058823529411764
        ],
        "val_loss": [
            4.07723605632782,
            3.330365687608719
        ],
        "val_acc": [
            9.509803921568627,
            35.0
        ],
        "test_loss": 3.432996087741358,
        "test_acc": 29.208001301024556,
        "num_params": 11228838
    },
    "resnet18_unstructured_local_pruning": {
        "train_loss": [
            4.71023990213871,
            3.676132455468178
        ],
        "train_acc": [
            2.3529411764705883,
            25.19607843137255
        ],
        "val_loss": [
            4.076388120651245,
            3.2961456030607224
        ],
        "val_acc": [
            11.176470588235293,
            35.0
        ],
        "test_loss": 3.3580999411449532,
        "test_acc": 32.36298585135795,
        "num_params": 11228838
    },
    "resnet18": {
        "train_loss": [
            3.9448491483926773,
            2.1255405880510807
        ],
        "train_acc": [
            15.490196078431373,
            47.35294117647059
        ],
        "val_loss": [
            4.354659043252468,
            2.0468999296426773
        ],
        "val_acc": [
            18.431372549019606,
            47.05882352941177
        ],
        "test_loss": 2.3200874989900564,
        "test_acc": 39.437306879167345,
        "num_params": 11228838
    },
    "resnet34_structured_local_pruning": {
        "train_loss": [
            4.792855232954025,
            4.301780417561531
        ],
        "train_acc": [
            1.7647058823529411,
            7.352941176470588
        ],
        "val_loss": [
            4.394873566925526,
            3.960932970046997
        ],
        "val_acc": [
            4.607843137254902,
            19.11764705882353
        ],
        "test_loss": 3.9770236077086296,
        "test_acc": 19.677996422182467,
        "num_params": 21336998
    },
    "resnet34_unstructured_global_pruning": {
        "train_loss": [
            4.747999861836433,
            3.709547445178032
        ],
        "train_acc": [
            3.5294117647058822,
            22.941176470588236
        ],
        "val_loss": [
            4.105325870215893,
            3.411597080528736
        ],
        "val_acc": [
            12.745098039215685,
            33.92156862745098
        ],
        "test_loss": 3.488937738028215,
        "test_acc": 30.76923076923077,
        "num_params": 21336998
    },
    "resnet34_unstructured_local_pruning": {
        "train_loss": [
            4.747990399599075,
            3.7329349145293236
        ],
        "train_acc": [
            2.2549019607843137,
            22.352941176470587
        ],
        "val_loss": [
            4.145206443965435,
            3.375185504555702
        ],
        "val_acc": [
            9.901960784313726,
            35.3921568627451
        ],
        "test_loss": 3.4501244947700305,
        "test_acc": 32.16783216783217,
        "num_params": 21336998
    },
    "resnet34": {
        "train_loss": [
            4.428464964032173,
            3.166231222450733
        ],
        "train_acc": [
            7.254901960784314,
            22.45098039215686
        ],
        "val_loss": [
            6.285454548895359,
            2.861940912902355
        ],
        "val_acc": [
            5.784313725490196,
            25.686274509803923
        ],
        "test_loss": 3.0810239521950638,
        "test_acc": 22.65409009595056,
        "num_params": 21336998
    },
    "vit_base_patch32_224_structured_local_pruning": {
        "train_loss": [
            4.5555151998996735,
            4.222941294312477
        ],
        "train_acc": [
            4.117647058823529,
            34.6078431372549
        ],
        "val_loss": [
            4.322454869747162,
            4.014544062316418
        ],
        "val_acc": [
            23.627450980392158,
            48.23529411764706
        ],
        "test_loss": 4.045734553757109,
        "test_acc": 44.543828264758496,
        "num_params": 87533670
    },
    "vit_base_patch32_224_unstructured_global_pruning": {
        "train_loss": [
            4.358433574438095,
            3.622848764061928
        ],
        "train_acc": [
            31.470588235294116,
            76.86274509803921
        ],
        "val_loss": [
            3.8668293580412865,
            3.137709192931652
        ],
        "val_acc": [
            83.92156862745098,
            91.96078431372548
        ],
        "test_loss": 3.190112076892754,
        "test_acc": 89.10391933647747,
        "num_params": 87533670
    },
    "vit_base_patch32_224_unstructured_local_pruning": {
        "train_loss": [
            4.354100301861763,
            3.6172332614660263
        ],
        "train_acc": [
            30.784313725490197,
            80.49019607843137
        ],
        "val_loss": [
            3.867946445941925,
            3.13687601685524
        ],
        "val_acc": [
            84.70588235294117,
            93.23529411764706
        ],
        "test_loss": 3.1698048176543083,
        "test_acc": 91.1855586274191,
        "num_params": 87533670
    },
    "vit_base_patch32_224": {
        "train_loss": [
            4.560575872659683,
            4.228447332978249
        ],
        "train_acc": [
            1.4705882352941178,
            2.843137254901961
        ],
        "val_loss": [
            4.312909781932831,
            4.037666641175747
        ],
        "val_acc": [
            4.411764705882353,
            6.078431372549019
        ],
        "test_loss": 4.101292864646319,
        "test_acc": 6.423808749390145,
        "num_params": 87533670
    }
}