{
    "resnet18": {
        "train_loss": [
            3.9448491483926773,
            2.1255405880510807
        ],
        "train_acc": [
            15.490196078431373,
            47.35294117647059
        ],
        "val_loss": [
            4.354659043252468,
            2.0468999296426773
        ],
        "val_acc": [
            18.431372549019606,
            47.05882352941177
        ],
        "test_loss": 2.3200874989900564,
        "test_acc": 39.437306879167345,
        "num_params": 11228838
    },
    "resnet34": {
        "train_loss": [
            4.428464964032173,
            3.166231222450733
        ],
        "train_acc": [
            7.254901960784314,
            22.45098039215686
        ],
        "val_loss": [
            6.285454548895359,
            2.861940912902355
        ],
        "val_acc": [
            5.784313725490196,
            25.686274509803923
        ],
        "test_loss": 3.0810239521950638,
        "test_acc": 22.65409009595056,
        "num_params": 21336998
    },
    "vit_base_patch32_224": {
        "train_loss": [
            4.560575872659683,
            4.228447332978249
        ],
        "train_acc": [
            1.4705882352941178,
            2.843137254901961
        ],
        "val_loss": [
            4.312909781932831,
            4.037666641175747
        ],
        "val_acc": [
            4.411764705882353,
            6.078431372549019
        ],
        "test_loss": 4.101292864646319,
        "test_acc": 6.423808749390145,
        "num_params": 87533670
    }
}