{
    "train_loss": [
        4.358645275235176,
        3.6277279928326607,
        2.9542186409235,
        2.3719443306326866,
        1.8829489275813103,
        1.5147349201142788,
        1.2848375886678696,
        1.024302214384079,
        0.909180698916316,
        0.808905828744173,
        0.7413185695186257,
        0.7131536807864904,
        0.7955453023314476,
        0.6931998934596777,
        0.6968107903376222,
        0.7174515249207616,
        0.7120074341073632,
        0.6886233445256948,
        0.705890548415482,
        0.7010802943259478,
        0.6892491271719337,
        0.6704044872894883,
        0.6990773938596249,
        0.6704960474744439,
        0.6710057174786925,
        0.671110630966723,
        0.6387823726981878,
        0.7201075786724687,
        0.6387692345306277,
        0.6666408991441131
    ],
    "train_acc": [
        32.05882352941177,
        77.94117647058823,
        85.7843137254902,
        87.74509803921569,
        88.33333333333333,
        89.01960784313725,
        88.82352941176471,
        91.96078431372548,
        91.76470588235294,
        90.7843137254902,
        92.25490196078431,
        92.84313725490196,
        91.47058823529412,
        92.25490196078431,
        91.96078431372548,
        91.76470588235294,
        92.15686274509804,
        92.05882352941177,
        91.76470588235294,
        91.56862745098039,
        91.66666666666667,
        92.74509803921569,
        92.3529411764706,
        92.05882352941177,
        92.6470588235294,
        92.74509803921569,
        93.13725490196079,
        90.58823529411765,
        94.11764705882354,
        93.23529411764706
    ],
    "val_loss": [
        3.8742467537522316,
        3.1369684115052223,
        2.4746117368340492,
        1.9066637307405472,
        1.4603962246328592,
        1.1343146152794361,
        0.9080977654084563,
        0.7444120235741138,
        0.6297039538621902,
        0.5438179080374539,
        0.5367203508503735,
        0.5296835214830935,
        0.5229871952906251,
        0.5158951231278479,
        0.5090421424247324,
        0.5024102362804115,
        0.4958148440346122,
        0.48946392675861716,
        0.48308089235797524,
        0.4770357636734843,
        0.4763838015496731,
        0.4757518689148128,
        0.4750966248102486,
        0.47443099971860647,
        0.4737694817595184,
        0.47309709154069424,
        0.47240755055099726,
        0.47172796446830034,
        0.4710425669327378,
        0.47038833051919937
    ],
    "val_acc": [
        83.82352941176471,
        92.84313725490196,
        94.11764705882354,
        95.0,
        95.19607843137256,
        95.09803921568627,
        95.68627450980392,
        95.68627450980392,
        96.47058823529412,
        96.56862745098039,
        96.56862745098039,
        96.56862745098039,
        96.56862745098039,
        96.56862745098039,
        96.47058823529412,
        96.56862745098039,
        96.56862745098039,
        96.66666666666667,
        96.66666666666667,
        96.66666666666667,
        96.66666666666667,
        96.66666666666667,
        96.66666666666667,
        96.66666666666667,
        96.66666666666667,
        96.76470588235294,
        96.76470588235294,
        96.76470588235294,
        96.76470588235294,
        96.76470588235294
    ],
    "test_loss": 0.5085282311075092,
    "test_acc": 95.202471946658,
    "num_params": 87533670
}