{
    "train_loss": [
        4.5555151998996735,
        4.222941294312477
    ],
    "train_acc": [
        4.117647058823529,
        34.6078431372549
    ],
    "val_loss": [
        4.322454869747162,
        4.014544062316418
    ],
    "val_acc": [
        23.627450980392158,
        48.23529411764706
    ],
    "test_loss": 4.045734553757109,
    "test_acc": 44.543828264758496,
    "num_params": 87533670
}