{
    "train_loss": [
        4.189532101154327,
        2.5484451837837696,
        1.1853544041514397,
        0.5377111444249749,
        0.41725768335163593,
        0.4648894970305264,
        0.42922039376571774,
        0.3078372410964221,
        0.21375134983099997,
        0.21221535198856145,
        0.142564817215316,
        0.05482226068852469,
        0.04336568800499663,
        0.03780880046542734,
        0.032535405131056905,
        0.03433095302898437,
        0.03510236559668556,
        0.032148577272892,
        0.027932449185755104,
        0.026180701446719468,
        0.026982970361132175,
        0.02522161550587043,
        0.030506736657116562,
        0.026617290743160993,
        0.028628004132770002,
        0.026298553217202425,
        0.02983717486495152,
        0.024613254354335368,
        0.024665339558850974,
        0.025363115419168025
    ],
    "train_acc": [
        27.54901960784314,
        80.0,
        93.92156862745098,
        95.0,
        94.41176470588235,
        90.88235294117646,
        90.7843137254902,
        93.33333333333333,
        95.88235294117646,
        95.58823529411765,
        97.15686274509804,
        99.41176470588235,
        99.6078431372549,
        99.90196078431373,
        100.0,
        99.80392156862744,
        99.90196078431373,
        99.90196078431373,
        100.0,
        100.0,
        99.90196078431373,
        100.0,
        99.70588235294117,
        99.90196078431373,
        99.90196078431373,
        100.0,
        99.90196078431373,
        100.0,
        100.0,
        100.0
    ],
    "val_loss": [
        3.261974088847637,
        1.8342429772019386,
        0.9248020090162754,
        0.909274653531611,
        0.7649906598962843,
        0.8894159239716828,
        0.6187459751963615,
        0.7041212263284251,
        0.640501074376516,
        0.6880324986996129,
        0.40936211647931486,
        0.36906377819832414,
        0.3506401701597497,
        0.33704982849303633,
        0.323880007956177,
        0.31644015689380467,
        0.3137431358336471,
        0.3058117993059568,
        0.2974560676375404,
        0.2930476602050476,
        0.2921343893976882,
        0.2918205662863329,
        0.2893855115980841,
        0.2885541300056502,
        0.2881301484303549,
        0.286807322059758,
        0.28710404521552846,
        0.28681867395062,
        0.2867707121768035,
        0.28614640777232125
    ],
    "val_acc": [
        73.43137254901961,
        87.25490196078431,
        90.7843137254902,
        82.25490196078431,
        84.31372549019608,
        79.50980392156863,
        85.68627450980392,
        83.72549019607843,
        85.19607843137256,
        82.3529411764706,
        90.0,
        90.7843137254902,
        91.56862745098039,
        91.96078431372548,
        92.3529411764706,
        92.25490196078431,
        92.6470588235294,
        92.74509803921569,
        93.03921568627452,
        93.33333333333333,
        93.23529411764706,
        93.23529411764706,
        93.23529411764706,
        93.33333333333333,
        93.43137254901961,
        93.43137254901961,
        93.52941176470588,
        93.52941176470588,
        93.52941176470588,
        93.52941176470588
    ],
    "test_loss": 0.3387664244486106,
    "test_acc": 91.9661733615222,
    "num_params": 85877094
}