{
    "train_loss": [
        3.8725409284234047,
        1.983161710202694,
        1.1517174262553453,
        0.7324772318825126,
        0.5767580275423825,
        0.4749866356141865,
        0.34860141249373555,
        0.28492114203982055,
        0.27464241767302155,
        0.23667256138287485,
        0.13615526515059173,
        0.06413173564942554,
        0.04364589162287302,
        0.03629942942643538,
        0.02846498688450083,
        0.027464839280582964,
        0.028451901278458536,
        0.01988498299033381,
        0.016702469685696997,
        0.018240391480503604,
        0.022198363585630432,
        0.018141495922463946,
        0.016366575597203337,
        0.017844522139057517,
        0.015423994394950569,
        0.01572690524335485,
        0.018387465621344745,
        0.013516947306925431,
        0.014290246166638099,
        0.01616554573411122
    ],
    "train_acc": [
        15.980392156862745,
        53.529411764705884,
        71.37254901960785,
        82.74509803921569,
        86.07843137254902,
        89.50980392156863,
        93.13725490196079,
        93.33333333333333,
        94.2156862745098,
        94.50980392156863,
        97.05882352941177,
        99.11764705882354,
        99.70588235294117,
        99.70588235294117,
        99.90196078431373,
        99.90196078431373,
        99.70588235294117,
        100.0,
        100.0,
        100.0,
        99.80392156862744,
        100.0,
        99.90196078431373,
        99.90196078431373,
        100.0,
        100.0,
        99.80392156862744,
        100.0,
        100.0,
        100.0
    ],
    "val_loss": [
        3.596737928688526,
        2.386539403349161,
        2.480508081614971,
        1.6887237709015608,
        1.634824549779296,
        1.335290726274252,
        1.3658968452364206,
        1.322477056644857,
        1.3901606500148773,
        1.2512896829284728,
        0.7666762610897422,
        0.7100907098501921,
        0.6685165013186634,
        0.650651490315795,
        0.6365166818723083,
        0.6141816838644445,
        0.6290378198027611,
        0.609579851385206,
        0.6078948206268251,
        0.5945644867606461,
        0.5911221448332071,
        0.59001499786973,
        0.5935701406560838,
        0.5816046316176653,
        0.5887251948006451,
        0.5820362530648708,
        0.5870478027500212,
        0.5889238710515201,
        0.5891921971924603,
        0.5988023732788861
    ],
    "val_acc": [
        23.725490196078432,
        43.92156862745098,
        41.1764705882353,
        58.92156862745098,
        57.450980392156865,
        66.56862745098039,
        62.254901960784316,
        65.3921568627451,
        64.90196078431373,
        68.82352941176471,
        80.68627450980392,
        82.84313725490196,
        83.43137254901961,
        84.31372549019608,
        84.70588235294117,
        84.41176470588235,
        83.62745098039215,
        84.90196078431373,
        85.0,
        85.3921568627451,
        85.58823529411765,
        85.29411764705883,
        85.0,
        85.49019607843137,
        85.58823529411765,
        85.7843137254902,
        85.58823529411765,
        85.58823529411765,
        85.3921568627451,
        85.09803921568627
    ],
    "test_loss": 0.7752331418559496,
    "test_acc": 80.06179866644983,
    "num_params": 11228838
}