{
    "train_loss": [
        4.768158823251724,
        3.5521084293723106,
        2.133362352848053,
        1.2548710461705923,
        0.8020727662369609,
        0.6687764851376414,
        0.3799720862880349,
        0.2534650639863685,
        0.20576964551582932,
        0.19986057991627604,
        0.13039430265780538,
        0.0845482085715048,
        0.05193081102333963,
        0.03589635237585753,
        0.031170192116405815,
        0.03566023531311657,
        0.02876203419873491,
        0.028656146678258665,
        0.022870220913318917,
        0.01698158902581781,
        0.01891183655243367,
        0.02158578317175852,
        0.01633810412022285,
        0.02051790850237012,
        0.017869157120003365,
        0.02301936836738605,
        0.01522803922125604,
        0.01936964395281393,
        0.02020567275758367,
        0.01594455837039277
    ],
    "train_acc": [
        3.823529411764706,
        17.058823529411764,
        43.92156862745098,
        66.56862745098039,
        77.74509803921569,
        81.56862745098039,
        89.80392156862744,
        93.13725490196079,
        93.92156862745098,
        94.2156862745098,
        96.37254901960785,
        98.33333333333333,
        98.52941176470588,
        99.41176470588235,
        99.70588235294117,
        99.6078431372549,
        99.80392156862744,
        99.6078431372549,
        99.90196078431373,
        100.0,
        99.6078431372549,
        99.90196078431373,
        100.0,
        99.90196078431373,
        99.80392156862744,
        99.6078431372549,
        99.90196078431373,
        99.80392156862744,
        99.70588235294117,
        100.0
    ],
    "val_loss": [
        4.627838246524334,
        2.7597199119627476,
        1.9690695442259312,
        1.7422202620655298,
        1.3971574697643518,
        1.3161137225106359,
        0.8848417145200074,
        1.1528322212398052,
        1.1168344747275114,
        1.0935634872876108,
        0.7896687230095267,
        0.7153675579465926,
        0.6551030199043453,
        0.650178833398968,
        0.639785707462579,
        0.6288415598683059,
        0.6229382469318807,
        0.6199762215837836,
        0.5928001925349236,
        0.5996984313242137,
        0.5978671503253281,
        0.5757716062944382,
        0.5861000479198992,
        0.5757477129809558,
        0.5850305617786944,
        0.594785762950778,
        0.5886723785661161,
        0.5911537511274219,
        0.5938345468603075,
        0.5845536480192095
    ],
    "val_acc": [
        2.549019607843137,
        32.15686274509804,
        47.549019607843135,
        54.705882352941174,
        62.64705882352941,
        67.3529411764706,
        76.07843137254902,
        70.88235294117646,
        71.47058823529412,
        71.17647058823529,
        77.94117647058823,
        80.7843137254902,
        82.3529411764706,
        83.23529411764706,
        83.72549019607843,
        83.92156862745098,
        83.72549019607843,
        83.23529411764706,
        84.11764705882354,
        84.01960784313725,
        83.92156862745098,
        84.6078431372549,
        84.31372549019608,
        84.90196078431373,
        84.31372549019608,
        84.01960784313725,
        84.11764705882354,
        84.11764705882354,
        84.6078431372549,
        83.92156862745098
    ],
    "test_loss": 0.7431416103340097,
    "test_acc": 81.11888111888112,
    "num_params": 44026488
}