{
    "train_loss": [
        4.158220432698727,
        3.030818410217762,
        2.102516008540988,
        1.4557856805622578,
        1.0817796206101775,
        0.8239818257279694,
        0.6483407095074654,
        0.5635956395417452,
        0.46408003824763,
        0.4318043945822865,
        0.4022755865007639,
        0.4008662709966302,
        0.4020911371335387,
        0.4162181126885116,
        0.3791687951888889,
        0.36796331917867064,
        0.3752350165741518,
        0.36047433596104383,
        0.33879389334470034,
        0.353309563244693,
        0.3325419562170282,
        0.37456567643675953,
        0.3641379685141146,
        0.3493721487466246,
        0.3532257223268971,
        0.3443914856761694,
        0.3645182776963338,
        0.35546314902603626,
        0.3394593115663156,
        0.3276905844686553
    ],
    "train_acc": [
        47.84313725490196,
        87.45098039215686,
        91.47058823529412,
        91.66666666666667,
        91.27450980392157,
        92.45098039215686,
        93.92156862745098,
        94.31372549019608,
        95.29411764705883,
        94.6078431372549,
        94.90196078431373,
        95.98039215686275,
        95.49019607843137,
        94.6078431372549,
        95.98039215686275,
        96.37254901960785,
        95.09803921568627,
        94.6078431372549,
        96.56862745098039,
        95.58823529411765,
        97.05882352941177,
        95.68627450980392,
        95.3921568627451,
        95.7843137254902,
        95.09803921568627,
        95.49019607843137,
        95.49019607843137,
        95.19607843137256,
        95.98039215686275,
        96.07843137254902
    ],
    "val_loss": [
        3.44291739910841,
        2.369687682017684,
        1.5549965389072895,
        1.038806065917015,
        0.7393437684513628,
        0.5607624934054911,
        0.4453926526475698,
        0.3698983599897474,
        0.31695951987057924,
        0.2793295080191456,
        0.2760866801254451,
        0.27296831720741466,
        0.2699604191002436,
        0.26711985521251336,
        0.263987845974043,
        0.26071266853250563,
        0.2576464638696052,
        0.2547055023605935,
        0.2515396674280055,
        0.24850489007076249,
        0.24819672998273745,
        0.24792264204006642,
        0.24760519957635552,
        0.24729472392937168,
        0.2469695860054344,
        0.24665137834381312,
        0.24630343524040654,
        0.24598311726003885,
        0.24563114484772086,
        0.2453147417982109
    ],
    "val_acc": [
        92.6470588235294,
        95.3921568627451,
        96.07843137254902,
        95.88235294117646,
        96.76470588235294,
        97.3529411764706,
        97.54901960784314,
        97.45098039215686,
        97.84313725490196,
        97.94117647058823,
        97.94117647058823,
        98.03921568627452,
        98.03921568627452,
        97.94117647058823,
        98.03921568627452,
        98.03921568627452,
        98.03921568627452,
        98.13725490196079,
        98.13725490196079,
        98.13725490196079,
        98.13725490196079,
        98.13725490196079,
        98.13725490196079,
        98.13725490196079,
        98.13725490196079,
        98.13725490196079,
        98.13725490196079,
        98.13725490196079,
        98.13725490196079,
        98.13725490196079
    ],
    "test_loss": 0.2645732973690157,
    "test_acc": 97.6418929907302,
    "num_params": 85877094
}