{
    "train_loss": [
        4.2875306606292725,
        3.4501999020576477,
        2.8686768114566803,
        2.3960854783654213,
        2.0309877656400204,
        1.7442429810762405,
        1.4578344896435738,
        1.2542557045817375,
        1.0607392080128193,
        0.8624290749430656,
        1.0921622309833765,
        0.7614401895552874,
        0.6436717621982098,
        0.5686549851670861,
        0.4743900094181299,
        0.3620519656687975,
        0.3476898870430887,
        0.2801280915737152,
        0.20805344404652715,
        0.21098619140684605,
        0.5717069935053587,
        0.3302070638164878,
        0.23478282988071442,
        0.18700135173276067,
        0.185176819562912,
        0.24135922966524959,
        0.23757965257391334,
        0.21252743899822235,
        0.19983252580277622,
        0.18924820725806057
    ],
    "train_acc": [
        6.176470588235294,
        22.745098039215687,
        39.509803921568626,
        51.76470588235294,
        63.03921568627451,
        68.03921568627452,
        76.76470588235294,
        78.62745098039215,
        83.72549019607843,
        88.62745098039215,
        86.07843137254902,
        92.3529411764706,
        92.94117647058823,
        94.01960784313725,
        96.56862745098039,
        97.25490196078431,
        97.15686274509804,
        98.03921568627452,
        98.82352941176471,
        97.6470588235294,
        94.70588235294117,
        98.33333333333333,
        98.62745098039215,
        99.31372549019608,
        98.92156862745098,
        97.94117647058823,
        98.72549019607843,
        98.62745098039215,
        98.03921568627452,
        98.62745098039215
    ],
    "val_loss": [
        3.988900475203991,
        3.263960473239422,
        2.843406595289707,
        2.5325701758265495,
        2.7388218306005,
        2.3664467483758926,
        2.6713829934597015,
        2.2764325737953186,
        1.903727825731039,
        1.9335476532578468,
        1.6725556030869484,
        1.8246605638414621,
        1.842007664963603,
        1.5887279212474823,
        1.454281210899353,
        1.692977936938405,
        1.589419411495328,
        1.247279278934002,
        1.300082791596651,
        1.452664339914918,
        1.9689383413642645,
        1.4024648619815707,
        1.297584230080247,
        1.2533961236476898,
        1.5328493490815163,
        2.0538639798760414,
        1.4466764386743307,
        1.304235052317381,
        1.4724323563277721,
        1.4692866569384933
    ],
    "val_acc": [
        9.901960784313726,
        24.705882352941178,
        34.01960784313726,
        42.254901960784316,
        33.72549019607843,
        45.09803921568628,
        37.84313725490196,
        47.745098039215684,
        56.470588235294116,
        54.21568627450981,
        65.88235294117646,
        58.333333333333336,
        58.92156862745098,
        61.568627450980394,
        67.45098039215686,
        58.333333333333336,
        63.431372549019606,
        72.25490196078431,
        70.98039215686275,
        66.66666666666667,
        54.31372549019608,
        70.7843137254902,
        73.92156862745098,
        72.15686274509804,
        66.27450980392157,
        53.92156862745098,
        66.96078431372548,
        68.52941176470588,
        66.07843137254902,
        66.56862745098039
    ],
    "test_loss": 1.6814818741859858,
    "test_acc": 61.3107822410148,
    "num_params": 7496218
}