{
    "train_loss": [
        4.370748199522495,
        3.523420013487339,
        2.8030089624226093,
        2.2904908545315266,
        1.9777783900499344,
        1.8188644461333752,
        1.7350444979965687,
        1.7027670219540596,
        1.7107688952237368,
        1.781512938439846,
        1.7259354200214148,
        1.7018300201743841,
        1.7112082280218601,
        1.6883719768375158,
        1.706505423411727,
        1.7020213138312101,
        1.697010912001133,
        1.6744106765836477,
        1.6505629643797874,
        1.6563359908759594,
        1.6816020645201206,
        1.7052407059818506,
        1.694062501192093,
        1.6856219992041588,
        1.6862116530537605,
        1.6636819709092379,
        1.6633902285248041,
        1.6964719183743,
        1.6992022078484297,
        1.7072117663919926
    ],
    "train_acc": [
        28.431372549019606,
        84.50980392156863,
        97.05882352941177,
        99.11764705882354,
        99.70588235294117,
        99.70588235294117,
        100.0,
        99.6078431372549,
        99.31372549019608,
        98.52941176470588,
        99.31372549019608,
        99.31372549019608,
        99.11764705882354,
        99.31372549019608,
        98.72549019607843,
        98.82352941176471,
        98.92156862745098,
        99.50980392156863,
        100.0,
        99.80392156862744,
        99.11764705882354,
        98.43137254901961,
        98.82352941176471,
        98.82352941176471,
        98.92156862745098,
        99.70588235294117,
        99.6078431372549,
        98.33333333333333,
        98.43137254901961,
        98.33333333333333
    ],
    "val_loss": [
        3.8704598508775234,
        3.1280127316713333,
        2.5758019611239433,
        2.218965247273445,
        2.044021889567375,
        1.9276927597820759,
        1.84437195956707,
        1.857105065137148,
        1.9862742498517036,
        1.9079631622880697,
        1.8566087167710066,
        1.8347389791160822,
        1.905616905540228,
        1.8222108576446772,
        1.9024288598448038,
        1.8375412542372942,
        1.8889720644801855,
        1.7877174019813538,
        1.7746042255312204,
        1.764270108193159,
        1.8824275936931372,
        1.8781774677336216,
        1.8869134318083525,
        1.9038166366517544,
        1.8756741918623447,
        1.8712714556604624,
        1.8406710531562567,
        1.9069474395364523,
        1.9093324840068817,
        1.89262574352324
    ],
    "val_acc": [
        76.86274509803921,
        92.25490196078431,
        97.3529411764706,
        97.05882352941177,
        95.98039215686275,
        97.15686274509804,
        97.84313725490196,
        95.7843137254902,
        93.33333333333333,
        95.49019607843137,
        95.98039215686275,
        96.17647058823529,
        92.84313725490196,
        95.0,
        93.43137254901961,
        94.90196078431373,
        93.23529411764706,
        95.88235294117646,
        95.98039215686275,
        96.47058823529412,
        92.74509803921569,
        92.84313725490196,
        91.96078431372548,
        91.86274509803921,
        93.23529411764706,
        93.13725490196079,
        93.43137254901961,
        91.76470588235294,
        91.27450980392157,
        91.96078431372548
    ],
    "test_loss": 1.9770135176646244,
    "test_acc": 89.67311758009433,
    "num_params": 85877094
}