{
    "train_loss": [
        4.649706542491913,
        4.538344696164131,
        4.215517267584801,
        3.9461312517523766,
        3.7610877975821495,
        3.6655241772532463,
        3.4871305152773857,
        3.3675405234098434,
        3.281935766339302,
        3.113509885966778,
        2.7725199684500694,
        2.6584666073322296,
        2.5698444917798042,
        2.5133509039878845,
        2.472657583653927,
        2.4149979576468468,
        2.351445958018303,
        2.307800181210041,
        2.272866789251566,
        2.2218554876744747,
        2.160619854927063,
        2.1438208036124706,
        2.134679611772299,
        2.142421204596758,
        2.126003112643957,
        2.116517137736082,
        2.1140689589083195,
        2.117261864244938,
        2.091420494019985,
        2.0868701972067356
    ],
    "train_acc": [
        0.5882352941176471,
        1.6666666666666667,
        2.6470588235294117,
        4.705882352941177,
        7.745098039215686,
        7.549019607843137,
        11.176470588235293,
        13.235294117647058,
        14.313725490196079,
        16.568627450980394,
        29.313725490196077,
        32.254901960784316,
        35.09803921568628,
        37.05882352941177,
        36.76470588235294,
        40.490196078431374,
        39.509803921568626,
        43.23529411764706,
        43.13725490196079,
        46.76470588235294,
        47.84313725490196,
        47.94117647058823,
        47.64705882352941,
        48.529411764705884,
        48.8235294117647,
        49.705882352941174,
        50.09803921568628,
        46.568627450980394,
        51.470588235294116,
        50.3921568627451
    ],
    "val_loss": [
        4.6134229600429535,
        4.265325099229813,
        3.9743002727627754,
        3.7784069180488586,
        3.524937905371189,
        3.4460325986146927,
        3.339248850941658,
        3.3720406889915466,
        3.224420376121998,
        3.0898780301213264,
        2.8806732073426247,
        2.787161510437727,
        2.7710547111928463,
        2.7640466280281544,
        2.70381286367774,
        2.687524698674679,
        2.6776467598974705,
        2.600337065756321,
        2.589350003749132,
        2.5558240450918674,
        2.550562646239996,
        2.544652473181486,
        2.5450339429080486,
        2.5395273976027966,
        2.5329393334686756,
        2.534549046307802,
        2.5292347371578217,
        2.52706665918231,
        2.524145320057869,
        2.51953137665987
    ],
    "val_acc": [
        1.0784313725490196,
        3.823529411764706,
        6.176470588235294,
        7.647058823529412,
        11.372549019607844,
        12.352941176470589,
        14.117647058823529,
        16.274509803921568,
        17.352941176470587,
        20.392156862745097,
        25.49019607843137,
        28.235294117647058,
        29.019607843137255,
        29.313725490196077,
        31.96078431372549,
        33.333333333333336,
        32.35294117647059,
        35.78431372549019,
        34.21568627450981,
        36.96078431372549,
        36.96078431372549,
        37.05882352941177,
        37.549019607843135,
        38.13725490196079,
        38.627450980392155,
        38.13725490196079,
        38.03921568627451,
        38.333333333333336,
        38.529411764705884,
        39.01960784313726
    ],
    "test_loss": 2.6898149579300163,
    "test_acc": 32.70450479752805,
    "num_params": 85877094
}