{
    "train_loss": [
        4.704137668013573,
        3.6611411347985268,
        2.9614361748099327,
        2.357407096773386,
        1.925793368369341,
        1.612006776034832,
        1.3775641433894634,
        1.2033414579927921,
        1.0459809452295303,
        0.9255051761865616,
        0.8341321051120758,
        0.8036817964166403,
        0.7290357872843742,
        0.7228335663676262,
        0.7431950028985739,
        0.7447590194642544,
        0.762353677302599,
        0.7347766784951091,
        0.7124234698712826,
        0.7009569937363267,
        0.7138818874955177,
        0.6937317196279764,
        0.6846491303294897,
        0.7028770260512829,
        0.6893494194373488,
        0.6921931384131312,
        0.7045951671898365,
        0.6869799736887217,
        0.7044504713267088,
        0.7028424125164747
    ],
    "train_acc": [
        2.843137254901961,
        22.352941176470587,
        47.745098039215684,
        65.68627450980392,
        72.54901960784314,
        78.13725490196079,
        82.05882352941177,
        83.82352941176471,
        87.25490196078431,
        88.92156862745098,
        90.19607843137256,
        91.66666666666667,
        93.82352941176471,
        93.82352941176471,
        92.84313725490196,
        92.84313725490196,
        92.54901960784314,
        93.43137254901961,
        93.13725490196079,
        94.31372549019608,
        94.01960784313725,
        93.03921568627452,
        93.92156862745098,
        93.43137254901961,
        93.62745098039215,
        94.2156862745098,
        93.72549019607843,
        94.6078431372549,
        92.84313725490196,
        93.33333333333333
    ],
    "val_loss": [
        4.091276042163372,
        3.3878880366683006,
        2.826703727245331,
        2.412194799631834,
        2.1034907661378384,
        1.8667636699974537,
        1.7418127544224262,
        1.5734332166612148,
        1.474860105663538,
        1.3968607634305954,
        1.3574248664081097,
        1.3373839817941189,
        1.3168265577405691,
        1.3354589454829693,
        1.3113465569913387,
        1.3011680524796247,
        1.3034812286496162,
        1.283267030492425,
        1.2759360298514366,
        1.2958809081465006,
        1.2850206792354584,
        1.2615536786615849,
        1.2910780906677246,
        1.2820474114269018,
        1.2736910823732615,
        1.281197665259242,
        1.272129463031888,
        1.2729968912899494,
        1.2756135575473309,
        1.2621469032019377
    ],
    "val_acc": [
        10.196078431372548,
        31.568627450980394,
        49.411764705882355,
        58.431372549019606,
        63.529411764705884,
        67.94117647058823,
        69.01960784313725,
        70.98039215686275,
        73.72549019607843,
        73.13725490196079,
        75.09803921568627,
        74.90196078431373,
        75.3921568627451,
        74.41176470588235,
        75.58823529411765,
        75.98039215686275,
        75.58823529411765,
        76.47058823529412,
        76.47058823529412,
        75.98039215686275,
        76.66666666666667,
        77.15686274509804,
        76.27450980392157,
        76.66666666666667,
        76.47058823529412,
        76.37254901960785,
        76.86274509803921,
        76.27450980392157,
        75.88235294117646,
        76.27450980392157
    ],
    "test_loss": 1.3694237259076667,
    "test_acc": 73.34525939177102,
    "num_params": 21336998
}