{
    "train_loss": [
        3.8793510049581528,
        2.7827395498752594,
        2.127103503793478,
        1.674524330534041,
        1.3830108875408769,
        1.1515756379812956,
        1.000893868971616,
        0.7928660535253584,
        0.7027208535000682,
        0.6174556249752641,
        0.7017539897933602,
        0.4679188078735024,
        0.35326645674649626,
        0.36367440270259976,
        0.39578168909065425,
        0.3276856979355216,
        0.24167665047571063,
        0.1950102203991264,
        0.2124513002927415,
        0.28875690867425874,
        0.2976509492727928,
        0.18800347403157502,
        0.18371478040353395,
        0.2044179253571201,
        0.25433273962698877,
        0.19680132187204435,
        0.17324114934308454,
        0.16081224565277807,
        0.16889893217012286,
        0.1492931547400076
    ],
    "train_acc": [
        13.72549019607843,
        35.88235294117647,
        51.666666666666664,
        64.41176470588235,
        70.88235294117646,
        76.86274509803921,
        78.72549019607843,
        83.82352941176471,
        86.07843137254902,
        88.43137254901961,
        85.58823529411765,
        90.68627450980392,
        94.6078431372549,
        94.50980392156863,
        92.84313725490196,
        94.01960784313725,
        96.47058823529412,
        97.74509803921569,
        96.56862745098039,
        94.6078431372549,
        94.41176470588235,
        97.15686274509804,
        97.3529411764706,
        96.37254901960785,
        94.90196078431373,
        96.66666666666667,
        97.54901960784314,
        97.3529411764706,
        97.15686274509804,
        97.05882352941177
    ],
    "val_loss": [
        3.107590972445905,
        2.859707758296281,
        2.48072868440795,
        1.6676802263245918,
        1.4973624921403825,
        1.5389515773858875,
        1.075608232524246,
        1.295219942836411,
        1.4106455724686384,
        1.1780131076111502,
        1.3210697659524158,
        1.2461693334626034,
        0.90842743680696,
        0.895617890811991,
        1.0963972054014448,
        1.0462386656727176,
        0.6811301152338274,
        1.0776631421867933,
        0.8402136454242282,
        1.005603821015029,
        0.7879929122264002,
        0.9131760521922843,
        0.7823744640263612,
        0.9933789527203771,
        0.9569466973771341,
        0.9588183096584544,
        0.8221983958028432,
        0.9133900136148441,
        0.8550953617159394,
        0.7082136529661511
    ],
    "val_acc": [
        22.941176470588236,
        31.274509803921568,
        38.529411764705884,
        58.13725490196079,
        61.666666666666664,
        61.1764705882353,
        73.23529411764706,
        67.54901960784314,
        64.41176470588235,
        69.50980392156863,
        65.88235294117646,
        68.82352941176471,
        77.25490196078431,
        78.33333333333333,
        75.19607843137256,
        75.49019607843137,
        82.6470588235294,
        74.11764705882354,
        79.80392156862744,
        75.0,
        79.90196078431373,
        78.43137254901961,
        80.98039215686275,
        75.0,
        76.56862745098039,
        76.07843137254902,
        80.49019607843137,
        77.15686274509804,
        79.50980392156863,
        82.74509803921569
    ],
    "test_loss": 0.8658972639566311,
    "test_acc": 79.59017726459587,
    "num_params": 58352806
}