{
    "train_loss": [
        4.088902309536934,
        2.273601531982422,
        1.6409721598029137,
        1.2615532577037811,
        0.8490408100187778,
        0.6713050045073032,
        0.6398675935342908,
        0.43183290073648095,
        0.4054593634791672,
        0.3561343546025455,
        0.18471968360245228,
        0.09164854988921434,
        0.06700155197177082,
        0.04930163471726701,
        0.04098510404583067,
        0.031119669787585735,
        0.03829179605236277,
        0.029179269113228656,
        0.03247882364667021,
        0.02740265816100873,
        0.022805279018939473,
        0.02078883213107474,
        0.02945844182977453,
        0.0239931904070545,
        0.022937184417969547,
        0.030251155054429546,
        0.0240854552394012,
        0.02132563055783976,
        0.023002042624284513,
        0.02562061944627203
    ],
    "train_acc": [
        14.313725490196079,
        42.15686274509804,
        54.705882352941174,
        65.29411764705883,
        75.3921568627451,
        80.88235294117646,
        81.96078431372548,
        87.74509803921569,
        88.82352941176471,
        89.2156862745098,
        94.6078431372549,
        98.13725490196079,
        98.82352941176471,
        99.50980392156863,
        99.6078431372549,
        99.80392156862744,
        99.2156862745098,
        99.6078431372549,
        99.41176470588235,
        99.50980392156863,
        99.90196078431373,
        99.90196078431373,
        99.50980392156863,
        99.90196078431373,
        99.90196078431373,
        99.50980392156863,
        99.80392156862744,
        100.0,
        99.80392156862744,
        99.50980392156863
    ],
    "val_loss": [
        3.611695233732462,
        2.5859944820404053,
        2.7790914066135883,
        2.357377639040351,
        1.9814466945827007,
        1.6293383110314608,
        1.500823199748993,
        1.3949381848797202,
        1.493887459859252,
        1.7693152967840433,
        1.10335757676512,
        1.0096442038193345,
        0.9673028560355306,
        0.9260727744549513,
        0.9156738528981805,
        0.9008934469893575,
        0.89040313847363,
        0.8620492555201054,
        0.8629139745607972,
        0.8655692143365741,
        0.857410192489624,
        0.8592983987182379,
        0.8615946490317583,
        0.8631402030587196,
        0.8534644534811378,
        0.8720467565581203,
        0.8553908905014396,
        0.8557112198323011,
        0.8476842865347862,
        0.8622264238074422
    ],
    "val_acc": [
        19.41176470588235,
        34.6078431372549,
        34.411764705882355,
        43.431372549019606,
        49.90196078431372,
        58.03921568627451,
        61.07843137254902,
        65.49019607843137,
        62.35294117647059,
        60.0,
        70.98039215686275,
        73.13725490196079,
        74.2156862745098,
        75.29411764705883,
        75.19607843137256,
        75.7843137254902,
        76.27450980392157,
        77.45098039215686,
        77.45098039215686,
        77.05882352941177,
        77.45098039215686,
        77.45098039215686,
        77.3529411764706,
        77.3529411764706,
        77.05882352941177,
        77.74509803921569,
        77.3529411764706,
        77.3529411764706,
        77.15686274509804,
        77.15686274509804
    ],
    "test_loss": 1.0975633022216162,
    "test_acc": 72.7435355342332,
    "num_params": 11778630
}