{
    "train_loss": [
        5.02908182144165,
        4.73053964972496,
        4.738502070307732,
        4.857441008090973,
        4.885863408446312,
        4.804135978221893,
        4.84647998213768,
        4.796974554657936,
        4.836961567401886,
        4.843404650688171,
        4.7660122364759445,
        4.668201670050621,
        4.620693787932396,
        4.609825760126114,
        4.59513995051384,
        4.595425218343735,
        4.588603079319,
        4.560938745737076,
        4.54548741877079,
        4.530207708477974,
        4.509639695286751,
        4.510858863592148,
        4.50839439034462,
        4.485964238643646,
        4.513188824057579,
        4.493344143033028,
        4.499236062169075,
        4.499707207083702,
        4.48442941904068,
        4.466693639755249
    ],
    "train_acc": [
        1.5686274509803921,
        1.1764705882352942,
        1.4705882352941178,
        0.9803921568627451,
        0.6862745098039216,
        0.49019607843137253,
        0.6862745098039216,
        1.0784313725490196,
        0.29411764705882354,
        0.39215686274509803,
        0.5882352941176471,
        0.6862745098039216,
        1.5686274509803921,
        0.9803921568627451,
        1.5686274509803921,
        1.7647058823529411,
        2.843137254901961,
        1.9607843137254901,
        2.2549019607843137,
        1.7647058823529411,
        1.7647058823529411,
        2.0588235294117645,
        2.0588235294117645,
        1.9607843137254901,
        1.8627450980392157,
        2.156862745098039,
        1.6666666666666667,
        2.9411764705882355,
        2.450980392156863,
        2.3529411764705883
    ],
    "val_loss": [
        5.320866569876671,
        5.535821378231049,
        5.252344690263271,
        5.093352451920509,
        4.791588842868805,
        4.7093314453959465,
        4.727630630135536,
        4.7578800320625305,
        4.826209157705307,
        5.024723753333092,
        4.6591086238622665,
        4.614257320761681,
        4.596214458346367,
        4.597831219434738,
        4.5932426154613495,
        4.583068490028381,
        4.566257864236832,
        4.5491983294487,
        4.517052039504051,
        4.487372010946274,
        4.488530799746513,
        4.482866480946541,
        4.482970789074898,
        4.476297229528427,
        4.47820183634758,
        4.477479442954063,
        4.471049785614014,
        4.474936634302139,
        4.475303471088409,
        4.47111327201128
    ],
    "val_acc": [
        1.1764705882352942,
        0.6862745098039216,
        1.0784313725490196,
        1.4705882352941178,
        1.5686274509803921,
        1.6666666666666667,
        1.0784313725490196,
        1.0784313725490196,
        1.1764705882352942,
        0.9803921568627451,
        0.6862745098039216,
        0.6862745098039216,
        1.1764705882352942,
        0.6862745098039216,
        1.8627450980392157,
        1.5686274509803921,
        1.7647058823529411,
        2.450980392156863,
        2.3529411764705883,
        2.3529411764705883,
        3.0392156862745097,
        2.3529411764705883,
        2.6470588235294117,
        2.843137254901961,
        2.9411764705882355,
        2.549019607843137,
        2.843137254901961,
        2.450980392156863,
        2.2549019607843137,
        2.2549019607843137
    ],
    "test_loss": 4.45222157641396,
    "test_acc": 1.626280696048138,
    "num_params": 44122156
}