{
    "train_loss": [
        4.760982662439346,
        3.2563107386231422,
        2.3515399917960167,
        1.7153293266892433,
        1.3125204630196095,
        1.1013739332556725,
        0.9241981506347656,
        0.771274103783071,
        0.6825578641146421,
        0.6099154939875007,
        0.49114365968853235,
        0.45294838584959507,
        0.4355623545125127,
        0.4490938149392605,
        0.43647911213338375,
        0.42371453158557415,
        0.42920692823827267,
        0.40515752602368593,
        0.43530782870948315,
        0.4104789039120078,
        0.3964636637829244,
        0.40580242220312357,
        0.3867975468747318,
        0.39072515862062573,
        0.40134834218770266,
        0.40478939563035965,
        0.39757678750902414,
        0.400408374145627,
        0.3930132584646344,
        0.41498487908393145
    ],
    "train_acc": [
        4.901960784313726,
        37.745098039215684,
        60.88235294117647,
        74.31372549019608,
        80.3921568627451,
        82.3529411764706,
        86.17647058823529,
        88.43137254901961,
        90.09803921568627,
        92.25490196078431,
        94.80392156862744,
        96.17647058823529,
        97.15686274509804,
        94.6078431372549,
        96.47058823529412,
        96.07843137254902,
        96.17647058823529,
        96.66666666666667,
        96.47058823529412,
        96.76470588235294,
        96.17647058823529,
        96.27450980392157,
        96.27450980392157,
        96.76470588235294,
        96.37254901960785,
        96.56862745098039,
        96.76470588235294,
        96.47058823529412,
        96.86274509803921,
        96.96078431372548
    ],
    "val_loss": [
        3.7876599729061127,
        2.787850473076105,
        2.1798124872148037,
        1.739612888544798,
        1.511024011299014,
        1.3322494644671679,
        1.2422301210463047,
        1.0988055411726236,
        1.0514787528663874,
        0.9948560912162066,
        0.9239550093188882,
        0.9085574252530932,
        0.8889178652316332,
        0.8880183370783925,
        0.8891866877675056,
        0.8807845460250974,
        0.8782181451097131,
        0.8699389537796378,
        0.8647791482508183,
        0.8740896014496684,
        0.8591986736282706,
        0.864022565074265,
        0.8587665939703584,
        0.860286339186132,
        0.859208395704627,
        0.8580010943114758,
        0.8631518138572574,
        0.857805167324841,
        0.866155706346035,
        0.8665714161470532
    ],
    "val_acc": [
        22.45098039215686,
        43.8235294117647,
        59.01960784313726,
        65.98039215686275,
        69.01960784313725,
        74.6078431372549,
        73.82352941176471,
        75.49019607843137,
        77.74509803921569,
        77.25490196078431,
        80.7843137254902,
        80.88235294117646,
        81.76470588235294,
        81.37254901960785,
        82.05882352941177,
        82.05882352941177,
        81.56862745098039,
        81.96078431372548,
        82.15686274509804,
        82.15686274509804,
        82.6470588235294,
        82.15686274509804,
        82.3529411764706,
        82.05882352941177,
        81.66666666666667,
        82.05882352941177,
        82.25490196078431,
        81.86274509803921,
        81.76470588235294,
        82.25490196078431
    ],
    "test_loss": 0.96502614658268,
    "test_acc": 79.26492112538624,
    "num_params": 23717030
}