{
    "train_loss": [
        3.646353095769882,
        1.533994272351265,
        0.7198169641196728,
        0.3270023688673973,
        0.17508393805474043,
        0.1173755720956251,
        0.08347146259620786,
        0.05588388437172398,
        0.05071339110145345,
        0.09185536514269188,
        0.1590551421395503,
        0.11879225017037243,
        0.09792988270055503,
        0.09290849149692804,
        0.05535774334566668,
        0.06531268736580387,
        0.0672873547882773,
        0.06429554853821173
    ],
    "train_acc": [
        23.725490196078432,
        76.56862745098039,
        91.37254901960785,
        97.3529411764706,
        98.92156862745098,
        99.2156862745098,
        99.50980392156863,
        99.80392156862744,
        99.80392156862744,
        99.11764705882354,
        97.45098039215686,
        97.74509803921569,
        98.03921568627452,
        98.33333333333333,
        99.31372549019608,
        98.92156862745098,
        98.13725490196079,
        98.52941176470588
    ],
    "val_loss": [
        2.0063019897788763,
        1.4556498862802982,
        1.0982539737597108,
        0.8849913142621517,
        0.7448778003454208,
        0.7496027681045234,
        0.7312882803380489,
        0.5825184900313616,
        0.6272462015040219,
        0.7921390859410167,
        0.9598281681537628,
        0.7934160581789911,
        1.089891183655709,
        0.9340414581820369,
        0.9723387905396521,
        0.8995403256267309,
        0.9494571089744568,
        0.8421688610687852
    ],
    "val_acc": [
        52.450980392156865,
        70.0,
        76.37254901960785,
        81.86274509803921,
        84.70588235294117,
        83.52941176470588,
        83.43137254901961,
        87.45098039215686,
        86.76470588235294,
        81.96078431372548,
        74.50980392156863,
        78.82352941176471,
        71.96078431372548,
        75.3921568627451,
        76.66666666666667,
        77.94117647058823,
        75.7843137254902,
        77.94117647058823
    ],
    "test_loss": 0.9590834312740661,
    "test_acc": 75.31305903398926,
    "num_params": 11228838
}