{
    "train_loss": [
        3.771175377070904,
        2.147031493484974,
        1.435950856655836,
        0.981029512360692,
        0.7168199215084314,
        0.625063318759203,
        0.5232480969280005,
        0.3644734467379749,
        0.268757440848276,
        0.22238267539069057,
        0.4555284888483584,
        0.30573174450546503,
        0.20368519588373601,
        0.14713300904259086,
        0.20059658645186573,
        0.24234509537927806,
        0.23399844393134117,
        0.24838294717483222,
        0.19449935213197023,
        0.23435263778083026,
        0.19850847963243723,
        0.14005353377433494,
        0.08993676560930908,
        0.10016379837179556,
        0.14465910254511982,
        0.22438611381221563,
        0.15615986357443035,
        0.12636496673803777,
        0.07119185803458095,
        0.09349827090045437
    ],
    "train_acc": [
        19.215686274509803,
        56.568627450980394,
        70.3921568627451,
        80.09803921568627,
        87.05882352941177,
        86.96078431372548,
        91.17647058823529,
        93.52941176470588,
        95.68627450980392,
        96.56862745098039,
        90.3921568627451,
        94.70588235294117,
        96.86274509803921,
        97.74509803921569,
        96.37254901960785,
        94.70588235294117,
        95.68627450980392,
        94.80392156862744,
        96.76470588235294,
        94.80392156862744,
        96.37254901960785,
        97.6470588235294,
        98.62745098039215,
        98.23529411764706,
        96.47058823529412,
        95.19607843137256,
        96.86274509803921,
        97.74509803921569,
        99.01960784313725,
        98.23529411764706
    ],
    "val_loss": [
        3.080418799072504,
        1.8224253505468369,
        1.6803060173988342,
        1.2637915909290314,
        1.225959861651063,
        1.2181146182119846,
        0.9359641829505563,
        1.0909534237580374,
        0.87073690071702,
        0.8853250928223133,
        1.1117595301475376,
        0.996123612858355,
        0.8061818843707442,
        0.7889312081970274,
        0.9164107921533287,
        1.071608591126278,
        1.0214199558831751,
        0.9268473437987268,
        0.9471364761702716,
        0.9518661620095372,
        0.8461438468657434,
        0.7324497401714325,
        0.7471141736023128,
        0.7480692891404033,
        1.0427798714954406,
        0.888883207924664,
        0.858770523336716,
        0.7018734202720225,
        0.7876833698246628,
        0.7402099007740617
    ],
    "val_acc": [
        27.45098039215686,
        57.15686274509804,
        58.8235294117647,
        71.17647058823529,
        69.2156862745098,
        70.98039215686275,
        77.3529411764706,
        75.29411764705883,
        77.6470588235294,
        76.96078431372548,
        74.70588235294117,
        75.98039215686275,
        80.68627450980392,
        81.27450980392157,
        78.72549019607843,
        75.19607843137256,
        74.11764705882354,
        77.05882352941177,
        75.19607843137256,
        76.66666666666667,
        78.62745098039215,
        81.56862745098039,
        82.54901960784314,
        82.15686274509804,
        75.0,
        77.74509803921569,
        79.80392156862744,
        82.6470588235294,
        82.05882352941177,
        84.31372549019608
    ],
    "test_loss": 0.8662135193873574,
    "test_acc": 79.26492112538624,
    "num_params": 42709158
}