{
    "train_loss": [
        4.15800716727972,
        2.665483683347702,
        1.9906583540141582,
        1.4245165009051561,
        1.1119826585054398,
        0.8712845221161842,
        0.7264426816254854,
        0.5974622592329979,
        0.5291393497027457,
        0.39186034444719553,
        0.23437110777013004,
        0.12510197761002928,
        0.0908805897925049,
        0.06302100571338087,
        0.06515348219545558,
        0.05273790191859007,
        0.05617013282608241,
        0.050008655816782266,
        0.035592309024650604,
        0.03836754537769593,
        0.041622710414230824,
        0.03923247233615257,
        0.03574272492551245,
        0.03565134288510308,
        0.0367297301418148,
        0.03273367049405351,
        0.039100747933844104,
        0.028192319528898224,
        0.02850986394332722,
        0.03601011025602929
    ],
    "train_acc": [
        10.196078431372548,
        31.470588235294116,
        45.490196078431374,
        60.588235294117645,
        69.11764705882354,
        75.09803921568627,
        80.98039215686275,
        83.82352941176471,
        84.31372549019608,
        89.80392156862744,
        93.92156862745098,
        97.54901960784314,
        98.82352941176471,
        99.6078431372549,
        99.50980392156863,
        99.70588235294117,
        99.01960784313725,
        99.6078431372549,
        99.90196078431373,
        99.70588235294117,
        99.50980392156863,
        99.70588235294117,
        99.80392156862744,
        99.90196078431373,
        99.70588235294117,
        99.90196078431373,
        99.31372549019608,
        99.90196078431373,
        99.90196078431373,
        99.80392156862744
    ],
    "val_loss": [
        5.436520472168922,
        3.111180607229471,
        2.782896041870117,
        2.1744821593165398,
        1.8817545212805271,
        1.8529963102191687,
        1.9592724554240704,
        2.557915188372135,
        1.459379835985601,
        1.5321153793483973,
        1.0031000468879938,
        0.8978299144655466,
        0.8362517487257719,
        0.822913870215416,
        0.8134205276146531,
        0.8267269069328904,
        0.7942838240414858,
        0.7988164993003011,
        0.7773810094222426,
        0.7502185795456171,
        0.7599243903532624,
        0.7527875537052751,
        0.7578724846243858,
        0.7594875153154135,
        0.7636906756088138,
        0.7736413357779384,
        0.7390633933246136,
        0.7549031069502234,
        0.753861858509481,
        0.7603721059858799
    ],
    "val_acc": [
        10.490196078431373,
        23.92156862745098,
        35.98039215686274,
        44.705882352941174,
        50.09803921568628,
        52.450980392156865,
        54.01960784313726,
        45.588235294117645,
        61.86274509803921,
        60.294117647058826,
        73.03921568627452,
        75.7843137254902,
        76.56862745098039,
        77.25490196078431,
        76.96078431372548,
        77.45098039215686,
        77.25490196078431,
        77.3529411764706,
        77.74509803921569,
        78.33333333333333,
        78.43137254901961,
        78.62745098039215,
        78.62745098039215,
        78.33333333333333,
        78.52941176470588,
        78.23529411764706,
        79.11764705882354,
        78.33333333333333,
        78.72549019607843,
        78.72549019607843
    ],
    "test_loss": 0.9173251830108966,
    "test_acc": 75.34558464791023,
    "num_params": 21336998
}