{
    "train_loss": [
        4.864826411008835,
        4.5459223091602325,
        4.21555083245039,
        3.968168556690216,
        3.819366805255413,
        3.5834092050790787,
        3.4013363495469093,
        3.220390982925892,
        3.0806975066661835,
        3.013887546956539,
        2.511749643832445,
        2.306034442037344,
        2.1215094067156315,
        2.0056964494287968,
        1.8696765564382076,
        1.847130797803402,
        1.7266675308346748,
        1.6595155484974384,
        1.57851817086339,
        1.510998297482729,
        1.3813459388911724,
        1.3308869898319244,
        1.2697552759200335,
        1.2967662326991558,
        1.2024938985705376,
        1.2738589569926262,
        1.218678655102849,
        1.2014211602509022,
        1.2209553457796574,
        1.1830644011497498
    ],
    "train_acc": [
        2.156862745098039,
        2.450980392156863,
        4.509803921568627,
        5.588235294117647,
        8.529411764705882,
        10.784313725490197,
        15.0,
        17.15686274509804,
        19.019607843137255,
        22.45098039215686,
        33.8235294117647,
        39.11764705882353,
        44.11764705882353,
        45.19607843137255,
        48.431372549019606,
        49.705882352941174,
        51.86274509803921,
        53.627450980392155,
        56.1764705882353,
        56.76470588235294,
        63.92156862745098,
        63.92156862745098,
        66.66666666666667,
        65.7843137254902,
        67.6470588235294,
        65.98039215686275,
        66.86274509803921,
        66.76470588235294,
        67.3529411764706,
        68.72549019607843
    ],
    "val_loss": [
        15.479422986507416,
        6.844920359551907,
        21.269531331956387,
        4.244368150830269,
        3.947227217257023,
        3.5111341178417206,
        4.337026409804821,
        3.884364791214466,
        18.43030270189047,
        3.248947210609913,
        2.74562057107687,
        2.563588675111532,
        2.492365438491106,
        2.461587879806757,
        2.473168730735779,
        2.4151518009603024,
        2.329765509814024,
        2.279706671833992,
        2.2945266999304295,
        2.2246549651026726,
        2.1823873296380043,
        2.163528688251972,
        2.1395316682755947,
        2.153520353138447,
        2.1531517915427685,
        2.155295692384243,
        2.150544986128807,
        2.14964671805501,
        2.1489823795855045,
        2.1346514150500298
    ],
    "val_acc": [
        2.9411764705882355,
        4.509803921568627,
        5.490196078431373,
        7.450980392156863,
        8.72549019607843,
        14.607843137254902,
        12.156862745098039,
        13.92156862745098,
        7.8431372549019605,
        20.784313725490197,
        31.07843137254902,
        35.588235294117645,
        35.88235294117647,
        36.470588235294116,
        39.31372549019608,
        39.90196078431372,
        41.1764705882353,
        43.03921568627451,
        41.1764705882353,
        44.705882352941174,
        44.509803921568626,
        45.78431372549019,
        46.27450980392157,
        46.1764705882353,
        45.68627450980392,
        45.98039215686274,
        46.666666666666664,
        47.05882352941177,
        46.96078431372549,
        46.86274509803921
    ],
    "test_loss": 2.415874701553058,
    "test_acc": 40.46186371767767,
    "num_params": 23717030
}