{
    "train_loss": [
        4.880528688430786,
        4.593819826841354,
        4.384248703718185,
        4.092494890093803,
        3.8570141345262527,
        3.624126724898815,
        3.4744087383151054,
        3.337635837495327,
        3.2552980706095695,
        3.0232435539364815,
        2.6291019171476364,
        2.4162426479160786,
        2.268843714147806,
        2.165771212428808,
        2.08677389472723,
        1.9831825122237206,
        1.9056445769965649,
        1.7614112198352814,
        1.6455031223595142,
        1.628241565078497,
        1.3762146569788456,
        1.3402406573295593,
        1.321173194795847,
        1.295089490711689,
        1.285224162042141,
        1.2668683510273695,
        1.2528559621423483,
        1.241155069321394,
        1.1999456714838743,
        1.1879980508238077
    ],
    "train_acc": [
        1.7647058823529411,
        1.0784313725490196,
        3.1372549019607843,
        3.627450980392157,
        7.1568627450980395,
        11.176470588235293,
        12.450980392156863,
        17.15686274509804,
        18.725490196078432,
        24.607843137254903,
        32.15686274509804,
        37.84313725490196,
        38.529411764705884,
        41.86274509803921,
        44.01960784313726,
        44.705882352941174,
        48.333333333333336,
        51.96078431372549,
        55.294117647058826,
        54.509803921568626,
        62.35294117647059,
        64.6078431372549,
        61.96078431372549,
        64.90196078431373,
        64.6078431372549,
        65.7843137254902,
        66.47058823529412,
        66.86274509803921,
        67.05882352941177,
        67.25490196078431
    ],
    "val_loss": [
        11894.472671508789,
        4.47585966438055,
        4.224350810050964,
        4.194759055972099,
        3.8077681586146355,
        3.870340049266815,
        3.9310910776257515,
        3.4933460652828217,
        3.458248369395733,
        3.5788132287561893,
        2.7855761647224426,
        2.7328987792134285,
        2.6418394073843956,
        2.6349697783589363,
        2.5121814608573914,
        2.4999242424964905,
        2.399822525680065,
        2.4444742500782013,
        2.3187637887895107,
        2.385929960757494,
        2.258594550192356,
        2.2424096688628197,
        2.2018689271062613,
        2.224752400070429,
        2.190089453011751,
        2.177993668243289,
        2.180945284664631,
        2.185462823137641,
        2.2149515468627214,
        2.1701395474374294
    ],
    "val_acc": [
        1.1764705882352942,
        2.2549019607843137,
        6.176470588235294,
        6.666666666666667,
        9.313725490196079,
        9.803921568627452,
        14.803921568627452,
        15.784313725490197,
        16.470588235294116,
        21.666666666666668,
        29.215686274509803,
        30.294117647058822,
        32.64705882352941,
        34.80392156862745,
        37.745098039215684,
        36.07843137254902,
        39.21568627450981,
        41.07843137254902,
        41.07843137254902,
        41.07843137254902,
        42.549019607843135,
        43.03921568627451,
        44.11764705882353,
        44.01960784313726,
        45.19607843137255,
        43.72549019607843,
        45.490196078431374,
        45.490196078431374,
        45.294117647058826,
        45.490196078431374
    ],
    "test_loss": 2.4804443063822434,
    "test_acc": 39.843877053179376,
    "num_params": 42709158
}