{
    "train_loss": [
        3.6266960129141808,
        1.7989029996097088,
        0.9851658307015896,
        0.5128940595313907,
        0.31270410493016243,
        0.21100536547601223,
        0.14605052024126053,
        0.125511217629537,
        0.11066104599740356,
        0.09535236400552094,
        0.18024753162171692,
        0.14110843057278544,
        0.13734004041180015,
        0.12671295588370413,
        0.09292303712572902,
        0.05741406499873847,
        0.08046248543541878,
        0.0443262187181972,
        0.057174207584466785,
        0.04660586529644206,
        0.09152545809047297,
        0.10265952249756083,
        0.08125223097158596,
        0.04104169399943203,
        0.039976530213607475,
        0.02504499870701693,
        0.057376983866561204,
        0.07983310311101377,
        0.0909205722855404,
        0.0781566797522828
    ],
    "train_acc": [
        23.823529411764707,
        73.03921568627452,
        90.3921568627451,
        96.76470588235294,
        98.13725490196079,
        99.31372549019608,
        99.70588235294117,
        99.2156862745098,
        99.2156862745098,
        99.70588235294117,
        99.01960784313725,
        99.11764705882354,
        98.62745098039215,
        98.82352941176471,
        99.50980392156863,
        99.6078431372549,
        99.31372549019608,
        100.0,
        99.31372549019608,
        99.41176470588235,
        98.92156862745098,
        98.72549019607843,
        99.31372549019608,
        99.90196078431373,
        99.70588235294117,
        99.90196078431373,
        99.2156862745098,
        98.72549019607843,
        98.82352941176471,
        98.92156862745098
    ],
    "val_loss": [
        2.2956680431962013,
        1.6877796743065119,
        1.4359316993504763,
        1.234620226547122,
        0.8899491839110851,
        0.9631990129128098,
        0.8454548502340913,
        0.8238598871976137,
        0.9199729673564434,
        0.9072996471077204,
        1.1022609695792198,
        1.0355933383107185,
        0.8645882420241833,
        0.9479280970990658,
        0.7935832382645458,
        0.884238445200026,
        0.805883654858917,
        0.6960008363239467,
        0.7337249292759225,
        0.8449239563196898,
        0.9142520241439342,
        0.8786862604320049,
        0.8231173339299858,
        0.7289230502210557,
        0.7222635368816555,
        0.57126191444695,
        0.8092425232753158,
        0.966400477103889,
        0.8998974421992898,
        1.009496623184532
    ],
    "val_acc": [
        46.76470588235294,
        68.13725490196079,
        73.03921568627452,
        78.43137254901961,
        84.6078431372549,
        84.2156862745098,
        84.11764705882354,
        84.2156862745098,
        82.94117647058823,
        82.6470588235294,
        77.84313725490196,
        77.94117647058823,
        81.76470588235294,
        79.41176470588235,
        82.84313725490196,
        80.3921568627451,
        83.13725490196079,
        86.37254901960785,
        86.27450980392157,
        81.37254901960785,
        79.6078431372549,
        81.66666666666667,
        83.72549019607843,
        84.50980392156863,
        85.19607843137256,
        88.72549019607843,
        82.05882352941177,
        79.11764705882354,
        80.88235294117646,
        78.03921568627452
    ],
    "test_loss": 1.1375981349922677,
    "test_acc": 75.05285412262157,
    "num_params": 11228838
}