{
    "train_loss": [
        4.469643294811249,
        3.90180654078722,
        3.3805499970912933,
        2.953516535460949,
        2.587884359061718,
        2.2977859377861023,
        2.120926946401596,
        1.9730677790939808,
        1.8849051743745804,
        1.8382531106472015,
        1.8370217457413673,
        1.804297298192978,
        1.7782848365604877,
        1.764875691384077,
        1.764760609716177,
        1.761176448315382,
        1.757393017411232,
        1.7523915879428387,
        1.7402628101408482,
        1.7784304544329643,
        1.7683006934821606,
        1.748714692890644,
        1.7417745850980282,
        1.7403718195855618,
        1.7653158009052277,
        1.7619922384619713,
        1.7481631822884083,
        1.725325133651495,
        1.7220190279185772,
        1.7197022549808025
    ],
    "train_acc": [
        18.137254901960784,
        72.15686274509804,
        88.92156862745098,
        95.19607843137256,
        97.74509803921569,
        98.43137254901961,
        99.41176470588235,
        99.90196078431373,
        99.80392156862744,
        99.70588235294117,
        99.50980392156863,
        99.31372549019608,
        99.70588235294117,
        99.6078431372549,
        99.50980392156863,
        99.80392156862744,
        99.70588235294117,
        99.90196078431373,
        99.80392156862744,
        99.01960784313725,
        99.31372549019608,
        99.6078431372549,
        99.70588235294117,
        99.50980392156863,
        98.72549019607843,
        99.2156862745098,
        99.31372549019608,
        100.0,
        99.90196078431373,
        99.90196078431373
    ],
    "val_loss": [
        4.150365576148033,
        3.6228086352348328,
        3.239270441234112,
        2.8835094794631004,
        2.6195413544774055,
        2.4099466763436794,
        2.3001393266022205,
        2.1621447168290615,
        2.0997657403349876,
        2.1271969564259052,
        2.1095511689782143,
        2.033926647156477,
        2.06864233314991,
        1.9870330467820168,
        2.0695000737905502,
        2.0143036507070065,
        1.9776305444538593,
        1.9748335555195808,
        1.9992498271167278,
        2.0842850767076015,
        2.0082554556429386,
        1.9745976030826569,
        1.981336209923029,
        2.0265790708363056,
        2.064022347331047,
        2.0907875560224056,
        1.9663703627884388,
        1.9727212488651276,
        1.9832854233682156,
        1.9627766646444798
    ],
    "val_acc": [
        62.254901960784316,
        82.84313725490196,
        89.2156862745098,
        92.05882352941177,
        93.03921568627452,
        93.72549019607843,
        93.03921568627452,
        94.50980392156863,
        95.0,
        92.74509803921569,
        91.86274509803921,
        93.92156862745098,
        92.3529411764706,
        94.01960784313725,
        90.49019607843137,
        92.6470588235294,
        93.72549019607843,
        93.03921568627452,
        92.25490196078431,
        89.01960784313725,
        91.17647058823529,
        92.45098039215686,
        91.47058823529412,
        90.0,
        88.82352941176471,
        88.13725490196079,
        91.86274509803921,
        91.27450980392157,
        91.47058823529412,
        92.05882352941177
    ],
    "test_loss": 2.015608426820429,
    "test_acc": 89.77069442185721,
    "num_params": 87533670
}