{
    "train_loss": [
        4.699022069573402,
        3.839171811938286,
        3.221216134727001,
        2.5355412736535072,
        2.0386394448578358,
        1.5921950973570347,
        1.383998453617096,
        1.171454317867756,
        1.0194870652630925,
        0.8093938138335943,
        0.49685560911893845,
        0.339906585868448,
        0.24930433952249587,
        0.20866217534057796,
        0.19727896736003458,
        0.18172470945864916,
        0.16263729403726757,
        0.15367609134409577,
        0.14224298298358917,
        0.12236291461158544,
        0.1123038218356669,
        0.10694397299084812,
        0.11962407361716032,
        0.09919656673446298,
        0.1091846494236961,
        0.1073344184551388,
        0.11058884754311293,
        0.0965591702843085,
        0.09413050790317357,
        0.10167278442531824
    ],
    "train_acc": [
        4.215686274509804,
        11.666666666666666,
        20.19607843137255,
        33.627450980392155,
        43.627450980392155,
        54.31372549019608,
        60.78431372549019,
        65.0,
        70.98039215686275,
        77.05882352941177,
        86.86274509803921,
        92.74509803921569,
        95.3921568627451,
        96.76470588235294,
        96.66666666666667,
        97.74509803921569,
        97.94117647058823,
        97.84313725490196,
        98.43137254901961,
        99.11764705882354,
        99.01960784313725,
        99.41176470588235,
        98.72549019607843,
        99.01960784313725,
        98.72549019607843,
        98.62745098039215,
        98.52941176470588,
        99.2156862745098,
        99.41176470588235,
        99.01960784313725
    ],
    "val_loss": [
        12.719988569617271,
        6.278726257383823,
        3.363826598972082,
        2.8028846457600594,
        2.6711050905287266,
        2.4901826605200768,
        2.102559670805931,
        2.0515055749565363,
        2.113718915730715,
        1.7999752219766378,
        1.1665833266451955,
        1.0657395608723164,
        1.0149311842396855,
        1.0000937320291996,
        1.009091236628592,
        1.0064262002706528,
        1.0102114342153072,
        0.9673338243737817,
        0.9857994141057134,
        0.9744930034503341,
        0.9579213513061404,
        0.9598162891343236,
        0.964918764308095,
        0.9579000696539879,
        0.9537692628800869,
        0.9521473376080394,
        0.9535950487479568,
        0.9486039504408836,
        0.9617932932451367,
        0.9506232505664229
    ],
    "val_acc": [
        3.4313725490196076,
        10.196078431372548,
        19.215686274509803,
        29.019607843137255,
        31.862745098039216,
        41.27450980392157,
        45.68627450980392,
        47.745098039215684,
        46.07843137254902,
        55.19607843137255,
        67.54901960784314,
        70.7843137254902,
        71.56862745098039,
        73.72549019607843,
        72.84313725490196,
        71.66666666666667,
        72.25490196078431,
        73.72549019607843,
        72.3529411764706,
        73.13725490196079,
        73.43137254901961,
        73.82352941176471,
        73.72549019607843,
        73.23529411764706,
        73.92156862745098,
        73.82352941176471,
        73.92156862745098,
        73.92156862745098,
        74.11764705882354,
        73.92156862745098
    ],
    "test_loss": 1.1296611988501999,
    "test_acc": 69.68612782566271,
    "num_params": 21336998
}