{
    "train_loss": [
        4.366833969950676,
        3.6463237404823303,
        3.0169410556554794,
        2.4404516741633415,
        1.9980073645710945,
        1.6437944956123829,
        1.3988305293023586,
        1.1745938751846552,
        1.0279645919799805,
        0.86845738068223,
        0.8272778932005167,
        0.8141610007733107,
        0.8347003553062677,
        0.7845153957605362,
        0.8099389765411615,
        0.7585178669542074,
        0.7839400395751,
        0.7494718125090003,
        0.776845813728869,
        0.7294301576912403,
        0.7747841039672494,
        0.7337670139968395,
        0.8161514913663268,
        0.7596828658133745,
        0.7728153988718987,
        0.7582806814461946,
        0.7423259960487485,
        0.7414661487564445,
        0.7252658922225237,
        0.7635052166879177
    ],
    "train_acc": [
        30.19607843137255,
        74.2156862745098,
        81.76470588235294,
        84.80392156862744,
        86.17647058823529,
        86.27450980392157,
        87.94117647058823,
        88.43137254901961,
        89.70588235294117,
        91.47058823529412,
        90.88235294117646,
        91.07843137254902,
        90.98039215686275,
        92.3529411764706,
        89.80392156862744,
        91.56862745098039,
        90.98039215686275,
        91.96078431372548,
        90.0,
        92.54901960784314,
        92.05882352941177,
        92.45098039215686,
        88.52941176470588,
        92.25490196078431,
        90.88235294117646,
        91.37254901960785,
        90.49019607843137,
        90.88235294117646,
        91.66666666666667,
        92.3529411764706
    ],
    "val_loss": [
        3.8816093429923058,
        3.161253407597542,
        2.508120384067297,
        1.9546877443790436,
        1.5173670407384634,
        1.1930639892816544,
        0.9623635364696383,
        0.796007176861167,
        0.6762777892872691,
        0.5852866051718593,
        0.5776483360677958,
        0.5699854637496173,
        0.5626028683036566,
        0.5554851200431585,
        0.5481620659120381,
        0.5409483890980482,
        0.5339389969594777,
        0.5269863079302013,
        0.5200289348140359,
        0.5133485114201903,
        0.5126912975683808,
        0.512002082541585,
        0.5113385040313005,
        0.5106820021755993,
        0.509990755468607,
        0.5093175857327878,
        0.5086012515239418,
        0.5079013160429895,
        0.507190830539912,
        0.5065143113024533
    ],
    "val_acc": [
        82.05882352941177,
        91.76470588235294,
        93.43137254901961,
        94.11764705882354,
        94.31372549019608,
        94.6078431372549,
        95.09803921568627,
        95.19607843137256,
        95.49019607843137,
        95.68627450980392,
        95.7843137254902,
        95.88235294117646,
        95.7843137254902,
        95.88235294117646,
        95.88235294117646,
        95.88235294117646,
        95.88235294117646,
        95.88235294117646,
        95.88235294117646,
        95.7843137254902,
        95.7843137254902,
        95.7843137254902,
        95.7843137254902,
        95.7843137254902,
        95.7843137254902,
        95.7843137254902,
        95.7843137254902,
        95.7843137254902,
        95.7843137254902,
        95.7843137254902
    ],
    "test_loss": 0.5553447787934634,
    "test_acc": 94.63327370304114,
    "num_params": 87533670
}