{
    "train_loss": [
        4.6935403645038605,
        3.7117328196763992,
        2.987485848367214,
        2.4152297005057335,
        1.9902155734598637,
        1.652679406106472,
        1.428617475554347,
        1.227127619087696,
        1.0609777327626944,
        0.9495906550437212,
        0.8336191307753325,
        0.834457035176456,
        0.7774817161262035,
        0.7908672727644444,
        0.7618784233927727,
        0.7628693133592606,
        0.7573388293385506,
        0.7559395227581263,
        0.7331649754196405,
        0.7304093819111586,
        0.7092519495636225,
        0.7282343897968531,
        0.7251033373177052,
        0.751513659954071,
        0.733252502977848,
        0.7117944061756134,
        0.7095148246735334,
        0.7053819876164198,
        0.7134400960057974,
        0.7216233545914292
    ],
    "train_acc": [
        3.5294117647058822,
        22.45098039215686,
        47.450980392156865,
        63.333333333333336,
        72.05882352941177,
        78.52941176470588,
        82.54901960784314,
        85.58823529411765,
        86.86274509803921,
        88.82352941176471,
        91.37254901960785,
        90.68627450980392,
        94.2156862745098,
        93.82352941176471,
        94.41176470588235,
        93.92156862745098,
        92.84313725490196,
        92.6470588235294,
        93.82352941176471,
        93.43137254901961,
        94.2156862745098,
        94.01960784313725,
        94.6078431372549,
        92.84313725490196,
        94.11764705882354,
        94.01960784313725,
        94.50980392156863,
        93.82352941176471,
        94.11764705882354,
        93.52941176470588
    ],
    "val_loss": [
        4.0299889743328094,
        3.2708315327763557,
        2.72823204472661,
        2.3036616332829,
        2.0194868594408035,
        1.7486649341881275,
        1.5921250153332949,
        1.4654106218367815,
        1.36401910148561,
        1.2981071267277002,
        1.252950306981802,
        1.2478551901876926,
        1.2350447289645672,
        1.2270527686923742,
        1.2335144747048616,
        1.2307136822491884,
        1.2092162147164345,
        1.1998739121481776,
        1.2028323085978627,
        1.2003840804100037,
        1.1930809952318668,
        1.1978768911212683,
        1.1931470222771168,
        1.1906128395348787,
        1.1839462909847498,
        1.1944502908736467,
        1.1830115830525756,
        1.183747075498104,
        1.1847571898251772,
        1.1732621565461159
    ],
    "val_acc": [
        10.196078431372548,
        35.98039215686274,
        47.549019607843135,
        58.13725490196079,
        61.568627450980394,
        69.50980392156863,
        68.92156862745098,
        72.05882352941177,
        73.62745098039215,
        73.13725490196079,
        75.7843137254902,
        76.47058823529412,
        76.47058823529412,
        76.17647058823529,
        76.27450980392157,
        76.07843137254902,
        76.86274509803921,
        76.56862745098039,
        76.47058823529412,
        76.27450980392157,
        76.56862745098039,
        76.07843137254902,
        76.37254901960785,
        76.96078431372548,
        76.76470588235294,
        76.47058823529412,
        77.3529411764706,
        76.86274509803921,
        76.56862745098039,
        77.74509803921569
    ],
    "test_loss": 1.2666273152581151,
    "test_acc": 74.5812327207676,
    "num_params": 11228838
}