{
    "train_loss": [
        4.911932244896889,
        4.765969276428223,
        4.743659019470215,
        4.785266146063805,
        4.778986036777496,
        4.65070566534996,
        4.570658773183823,
        4.649901315569878,
        4.724181458353996,
        4.75162635743618,
        4.676861181855202,
        4.597298294305801,
        4.558748036623001,
        4.538788214325905,
        4.512977406382561,
        4.501434653997421,
        4.517434656620026,
        4.491360649466515,
        4.501594439148903,
        4.54656508564949,
        4.523650705814362,
        4.533174932003021,
        4.54154597222805,
        4.53607577085495,
        4.546977683901787,
        4.524338215589523,
        4.53266966342926
    ],
    "train_acc": [
        1.3725490196078431,
        1.1764705882352942,
        1.1764705882352942,
        1.2745098039215685,
        0.8823529411764706,
        1.4705882352941178,
        1.7647058823529411,
        1.6666666666666667,
        1.5686274509803921,
        1.0784313725490196,
        1.6666666666666667,
        1.7647058823529411,
        1.2745098039215685,
        2.549019607843137,
        2.3529411764705883,
        2.3529411764705883,
        2.0588235294117645,
        2.156862745098039,
        2.0588235294117645,
        2.0588235294117645,
        2.6470588235294117,
        1.9607843137254901,
        1.9607843137254901,
        2.549019607843137,
        2.2549019607843137,
        1.9607843137254901,
        2.843137254901961
    ],
    "val_loss": [
        6.16951335221529,
        5.209740340709686,
        4.698020838201046,
        5.257403865456581,
        4.852163724601269,
        4.575655311346054,
        4.680762492120266,
        4.497590571641922,
        4.591205611824989,
        4.718907438218594,
        4.614277243614197,
        4.538999371230602,
        4.51471171528101,
        4.522381983697414,
        4.520373396575451,
        4.477479360997677,
        4.471945524215698,
        4.485965996980667,
        4.573781222105026,
        4.58064529299736,
        4.569723576307297,
        4.567114397883415,
        4.567419543862343,
        4.574910119175911,
        4.554035305976868,
        4.573868855834007,
        4.55441153049469
    ],
    "val_acc": [
        1.9607843137254901,
        0.49019607843137253,
        2.0588235294117645,
        1.0784313725490196,
        1.5686274509803921,
        2.2549019607843137,
        2.9411764705882355,
        2.3529411764705883,
        1.5686274509803921,
        1.2745098039215685,
        1.2745098039215685,
        1.9607843137254901,
        2.2549019607843137,
        1.9607843137254901,
        2.549019607843137,
        2.3529411764705883,
        2.549019607843137,
        2.843137254901961,
        2.6470588235294117,
        2.156862745098039,
        1.6666666666666667,
        2.2549019607843137,
        1.8627450980392157,
        1.9607843137254901,
        2.0588235294117645,
        1.3725490196078431,
        1.7647058823529411
    ],
    "test_loss": 4.544287577811918,
    "test_acc": 2.179216132704505,
    "num_params": 24381110
}