{
    "train_loss": [
        3.821120008826256,
        2.1745658442378044,
        1.4733848720788956,
        0.9730253331363201,
        0.7283759862184525,
        0.5792868454009295,
        0.455485749989748,
        0.3973398017697036,
        0.3797818785533309,
        0.3609196185134351,
        0.47930346708744764,
        0.25756422081030905,
        0.21367259556427598,
        0.20217494177632034,
        0.22069587092846632,
        0.2713626797776669,
        0.24059169739484787,
        0.14712962228804827,
        0.11981085920706391,
        0.12319495144765824,
        0.17667209700448439,
        0.1887267893180251,
        0.17246408166829497,
        0.10662125324597582,
        0.12719821685459465,
        0.1292788318824023,
        0.09649682184681296,
        0.07339880045037717,
        0.12250386559753679,
        0.1246243342757225
    ],
    "train_acc": [
        19.019607843137255,
        55.588235294117645,
        69.2156862745098,
        81.07843137254902,
        86.47058823529412,
        89.11764705882354,
        93.33333333333333,
        93.03921568627452,
        92.6470588235294,
        92.45098039215686,
        90.68627450980392,
        95.98039215686275,
        96.17647058823529,
        96.76470588235294,
        96.07843137254902,
        94.80392156862744,
        95.68627450980392,
        97.25490196078431,
        97.84313725490196,
        98.13725490196079,
        96.56862745098039,
        96.27450980392157,
        96.47058823529412,
        97.74509803921569,
        97.74509803921569,
        98.23529411764706,
        98.23529411764706,
        99.2156862745098,
        97.84313725490196,
        98.03921568627452
    ],
    "val_loss": [
        3.116337660700083,
        1.8827968910336494,
        1.628749057650566,
        1.2584317931905389,
        1.186115718446672,
        1.1424773600883782,
        1.1324928547255695,
        1.024547677487135,
        1.2854148047044873,
        1.2143756169825792,
        0.9775974149815738,
        0.8802496679127216,
        1.0005736388266087,
        0.8692676052451134,
        1.034772951155901,
        1.1905327187851071,
        0.8038661545142531,
        0.7068161984207109,
        0.9314755485393107,
        0.9165372345596552,
        0.9368572663515806,
        1.0395184624940157,
        0.7506443224847317,
        1.0903687411919236,
        0.8734984025359154,
        0.8293131571263075,
        0.7982377482112497,
        0.8397387964650989,
        0.8991778371855617,
        0.844355633482337
    ],
    "val_acc": [
        24.80392156862745,
        53.23529411764706,
        60.09803921568628,
        71.76470588235294,
        70.88235294117646,
        71.66666666666667,
        71.47058823529412,
        73.92156862745098,
        69.01960784313725,
        70.09803921568627,
        76.37254901960785,
        77.94117647058823,
        74.01960784313725,
        79.31372549019608,
        74.2156862745098,
        71.27450980392157,
        81.07843137254902,
        82.25490196078431,
        78.13725490196079,
        78.43137254901961,
        77.05882352941177,
        76.66666666666667,
        81.47058823529412,
        74.41176470588235,
        79.6078431372549,
        80.09803921568627,
        80.09803921568627,
        79.6078431372549,
        78.82352941176471,
        78.03921568627452
    ],
    "test_loss": 0.9772674430142413,
    "test_acc": 76.30509025857863,
    "num_params": 42709158
}