{
    "train_loss": [
        4.919601142406464,
        4.666998103260994,
        4.671368986368179,
        4.631321296095848,
        4.694944605231285,
        4.703246429562569,
        4.770836740732193,
        4.791186764836311,
        4.873579561710358,
        4.7880327850580215,
        4.6958247274160385,
        4.594097837805748,
        4.505074918270111,
        4.495360493659973,
        4.4823347479105,
        4.425137177109718,
        4.446645602583885,
        4.4003415405750275,
        4.378860756754875,
        4.398490786552429,
        4.344829365611076,
        4.337384328246117,
        4.351616829633713,
        4.321329444646835,
        4.320835247635841,
        4.319752782583237,
        4.326597139239311,
        4.332618460059166,
        4.323426932096481,
        4.313378527760506
    ],
    "train_acc": [
        1.6666666666666667,
        1.9607843137254901,
        1.4705882352941178,
        1.5686274509803921,
        1.3725490196078431,
        1.2745098039215685,
        1.3725490196078431,
        1.0784313725490196,
        0.5882352941176471,
        0.8823529411764706,
        1.0784313725490196,
        1.3725490196078431,
        2.450980392156863,
        2.549019607843137,
        1.5686274509803921,
        2.7450980392156863,
        2.156862745098039,
        2.549019607843137,
        2.549019607843137,
        1.5686274509803921,
        2.7450980392156863,
        3.4313725490196076,
        3.5294117647058822,
        3.7254901960784315,
        2.0588235294117645,
        2.6470588235294117,
        3.1372549019607843,
        4.313725490196078,
        3.4313725490196076,
        3.0392156862745097
    ],
    "val_loss": [
        5.57634910941124,
        7.578054308891296,
        4.905731238424778,
        5.177413806319237,
        6.013416104018688,
        4.878527373075485,
        4.916582465171814,
        4.745891749858856,
        5.167145058512688,
        4.8028396517038345,
        4.6202359944581985,
        4.507356286048889,
        4.462297737598419,
        4.437760308384895,
        4.38907752931118,
        4.391620084643364,
        4.360993303358555,
        4.337155543267727,
        4.317932546138763,
        4.322518385946751,
        4.293435603380203,
        4.30219428986311,
        4.313818134367466,
        4.30439355224371,
        4.302250415086746,
        4.293334126472473,
        4.304754383862019,
        4.29948315769434,
        4.287918344140053,
        4.30126978456974
    ],
    "val_acc": [
        0.7843137254901961,
        1.2745098039215685,
        2.0588235294117645,
        0.5882352941176471,
        1.4705882352941178,
        1.7647058823529411,
        0.8823529411764706,
        1.1764705882352942,
        1.1764705882352942,
        1.2745098039215685,
        1.9607843137254901,
        2.2549019607843137,
        2.843137254901961,
        2.450980392156863,
        2.2549019607843137,
        2.7450980392156863,
        3.0392156862745097,
        3.9215686274509802,
        3.4313725490196076,
        3.823529411764706,
        3.0392156862745097,
        2.6470588235294117,
        2.6470588235294117,
        3.1372549019607843,
        2.843137254901961,
        2.6470588235294117,
        2.450980392156863,
        2.7450980392156863,
        2.7450980392156863,
        2.7450980392156863
    ],
    "test_loss": 4.325200222934466,
    "test_acc": 2.0653764839811353,
    "num_params": 60426658
}