{
    "train_loss": [
        3.7137523740530014,
        1.6263912692666054,
        0.7879718281328678,
        0.37641965691000223,
        0.20588380843400955,
        0.11818757723085582,
        0.07031476963311434,
        0.049573157157283276,
        0.04099403804866597,
        0.047744093113578856,
        0.136602385842707,
        0.1246279994957149,
        0.09120992699172348,
        0.11084753944305703,
        0.15495553647633642,
        0.16088750096969306,
        0.09481757436878979,
        0.06493194861104712
    ],
    "train_acc": [
        23.92156862745098,
        72.84313725490196,
        88.13725490196079,
        96.37254901960785,
        98.62745098039215,
        99.6078431372549,
        99.80392156862744,
        99.90196078431373,
        99.70588235294117,
        99.80392156862744,
        98.23529411764706,
        97.6470588235294,
        98.13725490196079,
        97.3529411764706,
        97.15686274509804,
        96.07843137254902,
        98.13725490196079,
        98.72549019607843
    ],
    "val_loss": [
        2.1162437479943037,
        1.450954120606184,
        1.2381977122277021,
        0.9204690428450704,
        0.7472573579289019,
        0.6884757219813764,
        0.6212196499109268,
        0.5532141649164259,
        0.7167167598381639,
        0.5973624489270151,
        0.8831700691953301,
        0.9022763017565012,
        0.8272944502532482,
        1.2517621656879783,
        1.1442802804522216,
        1.746751963160932,
        0.707201212644577,
        0.81215246533975
    ],
    "val_acc": [
        49.90196078431372,
        69.2156862745098,
        73.92156862745098,
        81.96078431372548,
        83.92156862745098,
        85.09803921568627,
        87.84313725490196,
        87.84313725490196,
        84.70588235294117,
        87.45098039215686,
        78.62745098039215,
        77.84313725490196,
        78.72549019607843,
        69.11764705882354,
        72.54901960784314,
        59.21568627450981,
        81.17647058823529,
        78.92156862745098
    ],
    "test_loss": 0.9409616626171791,
    "test_acc": 75.84973166368515,
    "num_params": 11228838
}