{
    "train_loss": [
        4.168203689157963,
        2.733922339975834,
        1.5972106382250786,
        0.9050321914255619,
        0.5611890265718102,
        0.47300826851278543,
        0.48503041872754693,
        0.4256414123810828,
        0.3989272518083453,
        0.2485133360605687,
        0.11437938257586211,
        0.07496664673089981,
        0.06676489394158125,
        0.049596321186982095,
        0.045386274927295744,
        0.044741217978298664,
        0.04016941785812378,
        0.04258411208866164,
        0.03723781218286604,
        0.03440085193142295,
        0.033771230606362224,
        0.03715633845422417,
        0.032867165573406965,
        0.03254278958775103,
        0.03552685311296955,
        0.041005515900906175,
        0.03238843672443181,
        0.03192146122455597,
        0.0331125728553161,
        0.031593282998073846
    ],
    "train_acc": [
        27.352941176470587,
        71.96078431372548,
        84.31372549019608,
        88.62745098039215,
        91.47058823529412,
        91.76470588235294,
        90.29411764705883,
        90.98039215686275,
        91.86274509803921,
        94.6078431372549,
        98.43137254901961,
        99.41176470588235,
        99.2156862745098,
        99.6078431372549,
        99.80392156862744,
        99.80392156862744,
        99.80392156862744,
        99.80392156862744,
        99.90196078431373,
        99.90196078431373,
        100.0,
        99.90196078431373,
        100.0,
        100.0,
        100.0,
        99.80392156862744,
        100.0,
        100.0,
        99.80392156862744,
        100.0
    ],
    "val_loss": [
        3.318115495145321,
        2.051918853074312,
        1.2995656672865152,
        0.9515476999804378,
        0.899627364706248,
        0.8145771170966327,
        0.8788188989274204,
        0.9218388576991856,
        0.8587636118754745,
        0.8237172272056341,
        0.5920368623919785,
        0.5552326003089547,
        0.5234575010836124,
        0.5073636940214783,
        0.4944037471432239,
        0.4830744443461299,
        0.4727478348650038,
        0.471551502821967,
        0.46359621942974627,
        0.45614325790666044,
        0.45541482674889266,
        0.45427480759099126,
        0.4528441622387618,
        0.45239162840880454,
        0.4518794799223542,
        0.4480961475055665,
        0.4472669723909348,
        0.44642181089147925,
        0.4460994997061789,
        0.4466673005372286
    ],
    "val_acc": [
        65.68627450980392,
        80.88235294117646,
        85.19607843137256,
        85.0,
        80.49019607843137,
        81.56862745098039,
        80.0,
        79.90196078431373,
        80.19607843137256,
        81.27450980392157,
        85.98039215686275,
        86.86274509803921,
        88.03921568627452,
        88.33333333333333,
        88.72549019607843,
        88.43137254901961,
        89.41176470588235,
        89.6078431372549,
        89.80392156862744,
        89.90196078431373,
        90.0,
        90.09803921568627,
        90.0,
        90.09803921568627,
        90.0,
        89.70588235294117,
        89.80392156862744,
        89.80392156862744,
        90.19607843137256,
        90.29411764705883
    ],
    "test_loss": 0.5409861669195285,
    "test_acc": 87.3475361847455,
    "num_params": 87533670
}