{
    "train_loss": [
        4.649919331073761,
        3.8862075805664062,
        3.2634501829743385,
        2.638105660676956,
        2.1132973060011864,
        1.7524511888623238,
        1.4206731617450714,
        1.2151183187961578,
        0.9125585705041885,
        0.6986590465530753,
        1.1166396280750632,
        0.8215608913451433,
        0.6574958460405469,
        0.47008584858849645,
        0.4549862411804497,
        0.3674148600548506,
        0.2600206411443651,
        0.23204405209980905,
        0.2291643365751952,
        0.21677399915643036,
        0.48213708121329546,
        0.30969938449561596,
        0.19323525624349713,
        0.18433952098712325,
        0.20625978475436568,
        0.2809706963598728,
        0.267614611890167,
        0.23593393666669726,
        0.21169105847366154,
        0.1627060102764517
    ],
    "train_acc": [
        2.843137254901961,
        11.764705882352942,
        21.764705882352942,
        34.509803921568626,
        45.294117647058826,
        56.86274509803921,
        62.549019607843135,
        70.68627450980392,
        77.84313725490196,
        82.54901960784314,
        71.07843137254902,
        79.01960784313725,
        82.94117647058823,
        87.74509803921569,
        89.70588235294117,
        92.05882352941177,
        93.82352941176471,
        95.7843137254902,
        95.09803921568627,
        95.98039215686275,
        88.23529411764706,
        92.54901960784314,
        95.7843137254902,
        96.27450980392157,
        94.80392156862744,
        93.13725490196079,
        93.82352941176471,
        93.13725490196079,
        95.49019607843137,
        96.56862745098039
    ],
    "val_loss": [
        4.704316556453705,
        3.9213741421699524,
        3.4896629080176353,
        3.578847885131836,
        2.8476769402623177,
        2.736123088747263,
        2.378225367516279,
        1.979843184351921,
        1.995631106197834,
        2.150223085656762,
        4.75578548759222,
        3.681023735553026,
        1.9415552634745836,
        1.983908237889409,
        1.9487023930996656,
        1.710648538544774,
        1.800859972834587,
        1.6093480084091425,
        1.4802029188722372,
        1.7578545231372118,
        4.789974853396416,
        2.7604801915585995,
        1.481201883405447,
        1.7964942660182714,
        1.8962201811373234,
        1.9778308607637882,
        1.8534723334014416,
        1.8444087598472834,
        1.9304984416812658,
        1.4996330374851823
    ],
    "val_acc": [
        0.9803921568627451,
        11.07843137254902,
        18.529411764705884,
        17.84313725490196,
        30.980392156862745,
        35.98039215686274,
        40.490196078431374,
        48.8235294117647,
        48.03921568627451,
        48.23529411764706,
        0.9803921568627451,
        18.431372549019606,
        50.09803921568628,
        50.3921568627451,
        51.86274509803921,
        57.35294117647059,
        55.78431372549019,
        60.0,
        63.8235294117647,
        58.333333333333336,
        0.9803921568627451,
        31.666666666666668,
        61.96078431372549,
        56.07843137254902,
        53.23529411764706,
        51.666666666666664,
        54.705882352941174,
        55.88235294117647,
        55.588235294117645,
        62.254901960784316
    ],
    "test_loss": 1.725521734669573,
    "test_acc": 58.35095137420719,
    "num_params": 19342034
}