{
    "train_loss": [
        4.496951267123222,
        4.013027146458626,
        3.515214152634144,
        3.0679111629724503,
        2.685652956366539,
        2.4122753366827965,
        2.1556009612977505,
        2.0178981237113476,
        1.8986258283257484,
        1.827714778482914,
        1.9606358781456947,
        1.8704763390123844,
        1.851610492914915,
        1.7897938899695873,
        1.7748804427683353,
        1.7693091221153736,
        1.7919877842068672,
        1.7802909165620804,
        1.7671739757061005,
        1.7745143920183182,
        1.8485381789505482,
        1.776274524629116,
        1.7655205316841602,
        1.7696817107498646,
        1.7670266292989254,
        1.7603631392121315,
        1.7961671724915504,
        1.7564247511327267,
        1.7548528835177422,
        1.7713786587119102
    ],
    "train_acc": [
        15.0,
        61.76470588235294,
        83.03921568627452,
        90.68627450980392,
        95.88235294117646,
        97.6470588235294,
        99.11764705882354,
        98.92156862745098,
        99.80392156862744,
        99.50980392156863,
        99.11764705882354,
        99.11764705882354,
        98.52941176470588,
        99.41176470588235,
        99.31372549019608,
        99.2156862745098,
        98.62745098039215,
        99.01960784313725,
        99.01960784313725,
        98.92156862745098,
        98.43137254901961,
        99.31372549019608,
        99.11764705882354,
        98.82352941176471,
        98.82352941176471,
        98.62745098039215,
        97.94117647058823,
        99.41176470588235,
        98.92156862745098,
        98.52941176470588
    ],
    "val_loss": [
        4.225055485963821,
        3.762970007956028,
        3.3459945768117905,
        3.0142792016267776,
        2.8296803385019302,
        2.524211771786213,
        2.3562471494078636,
        2.2690417021512985,
        2.164122261106968,
        2.180111601948738,
        2.2311457097530365,
        2.2100992538034916,
        2.1535776406526566,
        2.0938847325742245,
        2.069656301289797,
        2.1285703144967556,
        2.1748944632709026,
        2.193504724651575,
        2.0703570544719696,
        2.1389323249459267,
        2.205183010548353,
        2.154380276799202,
        2.1145947128534317,
        2.21158542111516,
        2.1355339102447033,
        2.1477289497852325,
        2.1549011170864105,
        2.134957492351532,
        2.1561590135097504,
        2.1336334869265556
    ],
    "val_acc": [
        46.568627450980394,
        76.66666666666667,
        84.6078431372549,
        86.56862745098039,
        87.25490196078431,
        89.2156862745098,
        90.3921568627451,
        90.68627450980392,
        91.76470588235294,
        89.41176470588235,
        89.11764705882354,
        87.3529411764706,
        89.11764705882354,
        90.3921568627451,
        91.07843137254902,
        87.74509803921569,
        85.88235294117646,
        85.49019607843137,
        88.72549019607843,
        86.76470588235294,
        86.17647058823529,
        86.37254901960785,
        87.94117647058823,
        83.43137254901961,
        86.86274509803921,
        86.07843137254902,
        85.29411764705883,
        87.05882352941177,
        84.90196078431373,
        86.56862745098039
    ],
    "test_loss": 2.223690433823383,
    "test_acc": 82.45243128964059,
    "num_params": 72206706
}