{
    "train_loss": [
        4.785847008228302,
        3.7282435446977615
    ],
    "train_acc": [
        2.450980392156863,
        22.058823529411764
    ],
    "val_loss": [
        4.07723605632782,
        3.330365687608719
    ],
    "val_acc": [
        9.509803921568627,
        35.0
    ],
    "test_loss": 3.432996087741358,
    "test_acc": 29.208001301024556,
    "num_params": 11228838
}