{
    "train_loss": [
        4.3597334660589695,
        3.5374318957328796,
        2.8362878151237965,
        2.3589964732527733,
        2.0820486191660166,
        1.9223213121294975,
        1.8322668801993132,
        1.737923163920641,
        1.6991991437971592,
        1.6863179132342339,
        1.7340001799166203,
        1.7186607792973518,
        1.7216682061553001,
        1.7287947461009026,
        1.736574912443757,
        1.7864372245967388,
        1.7507567312568426,
        1.700553309172392,
        1.6998385936021805,
        1.7075926419347525,
        1.709740811958909,
        1.7065097633749247,
        1.7170990351587534,
        1.6876551005989313,
        1.755847403779626,
        1.6944994237273932,
        1.694961180910468,
        1.7238773349672556,
        1.7369785625487566,
        1.7487284503877163
    ],
    "train_acc": [
        30.88235294117647,
        82.3529411764706,
        96.37254901960785,
        98.72549019607843,
        99.2156862745098,
        98.82352941176471,
        99.41176470588235,
        100.0,
        100.0,
        100.0,
        99.50980392156863,
        99.31372549019608,
        99.31372549019608,
        98.92156862745098,
        98.33333333333333,
        97.15686274509804,
        98.03921568627452,
        99.6078431372549,
        99.41176470588235,
        98.82352941176471,
        99.01960784313725,
        98.92156862745098,
        98.33333333333333,
        99.50980392156863,
        97.3529411764706,
        99.6078431372549,
        99.2156862745098,
        97.94117647058823,
        97.94117647058823,
        97.3529411764706
    ],
    "val_loss": [
        3.8730482161045074,
        3.187127683311701,
        2.6744540072977543,
        2.313183793798089,
        2.199245359748602,
        2.0714557133615017,
        1.9789611529558897,
        1.867768494412303,
        1.843819435685873,
        1.820591701194644,
        1.8649497162550688,
        1.9500182401388884,
        1.923748143017292,
        2.001054670661688,
        1.9115276895463467,
        1.99325549043715,
        1.91344696842134,
        1.9128096904605627,
        1.8426004629582167,
        1.9604681264609098,
        1.8877424616366625,
        1.8927095383405685,
        1.9226086102426052,
        1.9124418832361698,
        1.9606395699083805,
        1.9302720967680216,
        1.925907714292407,
        1.9929912276566029,
        1.99143835157156,
        1.9585665203630924
    ],
    "val_acc": [
        78.62745098039215,
        91.47058823529412,
        94.11764705882354,
        95.88235294117646,
        94.11764705882354,
        93.23529411764706,
        94.11764705882354,
        96.07843137254902,
        96.07843137254902,
        96.17647058823529,
        95.29411764705883,
        92.45098039215686,
        92.25490196078431,
        90.19607843137256,
        93.03921568627452,
        90.29411764705883,
        92.3529411764706,
        92.05882352941177,
        94.80392156862744,
        90.0,
        93.23529411764706,
        92.3529411764706,
        91.86274509803921,
        91.86274509803921,
        90.49019607843137,
        91.07843137254902,
        91.17647058823529,
        89.01960784313725,
        89.41176470588235,
        89.80392156862744
    ],
    "test_loss": 2.024007468718987,
    "test_acc": 88.14441372580907,
    "num_params": 85877094
}