{
    "train_loss": [
        4.7687675803899765,
        3.749028116464615,
        2.997111275792122,
        2.4249101728200912,
        2.0189964585006237,
        1.644456870853901,
        1.429836180061102,
        1.2285641580820084,
        1.0694453418254852,
        0.9590377323329449,
        0.8312024027109146,
        0.837240818887949,
        0.7992660459131002,
        0.7910832334309816,
        0.7858388517051935,
        0.788582906126976,
        0.7624511513859034,
        0.7621631324291229,
        0.7485201191157103,
        0.7200264297425747,
        0.7255144603550434,
        0.7008039392530918,
        0.7447873968631029,
        0.7314326735213399,
        0.7270532641559839,
        0.7199702691286802,
        0.728487791493535,
        0.720451358705759,
        0.7162576541304588,
        0.7153016431257129
    ],
    "train_acc": [
        3.1372549019607843,
        20.784313725490197,
        48.23529411764706,
        63.72549019607843,
        70.49019607843137,
        80.49019607843137,
        81.76470588235294,
        85.68627450980392,
        88.13725490196079,
        88.03921568627452,
        91.86274509803921,
        91.56862745098039,
        93.13725490196079,
        93.52941176470588,
        93.82352941176471,
        93.43137254901961,
        93.43137254901961,
        93.13725490196079,
        93.52941176470588,
        94.6078431372549,
        93.43137254901961,
        94.90196078431373,
        93.13725490196079,
        93.62745098039215,
        93.72549019607843,
        93.62745098039215,
        94.31372549019608,
        94.50980392156863,
        94.50980392156863,
        93.43137254901961
    ],
    "val_loss": [
        4.117767862975597,
        3.3597349524497986,
        2.7870402708649635,
        2.3454397805035114,
        2.084227627143264,
        1.8205915801227093,
        1.6246119160205126,
        1.462935933843255,
        1.3996410518884659,
        1.3014770671725273,
        1.2725644130259752,
        1.253808518871665,
        1.2570886854082346,
        1.2496394263580441,
        1.2388001577928662,
        1.2254932150244713,
        1.2352112429216504,
        1.2193526523187757,
        1.2119774278253317,
        1.2085585249587893,
        1.1948416465893388,
        1.2039454821497202,
        1.1891780039295554,
        1.2035885769873857,
        1.1997556202113628,
        1.2040567174553871,
        1.1977423252537847,
        1.208437256515026,
        1.199981139972806,
        1.1939239837229252
    ],
    "val_acc": [
        10.392156862745098,
        33.03921568627451,
        49.80392156862745,
        58.627450980392155,
        59.11764705882353,
        65.88235294117646,
        70.88235294117646,
        74.90196078431373,
        73.23529411764706,
        75.29411764705883,
        76.27450980392157,
        76.27450980392157,
        76.47058823529412,
        75.88235294117646,
        76.07843137254902,
        75.58823529411765,
        75.68627450980392,
        76.76470588235294,
        76.27450980392157,
        76.56862745098039,
        76.56862745098039,
        76.27450980392157,
        76.47058823529412,
        76.47058823529412,
        76.47058823529412,
        75.88235294117646,
        75.98039215686275,
        76.27450980392157,
        76.07843137254902,
        76.66666666666667
    ],
    "test_loss": 1.3023967184705438,
    "test_acc": 73.94698324930883,
    "num_params": 11228838
}