{
    "train_loss": [
        4.831502452492714,
        4.445713102817535,
        4.217147126793861,
        3.915460079908371,
        3.709441803395748,
        3.5504747182130814,
        3.309749200940132,
        3.1948110461235046,
        2.9989651814103127,
        2.8212913796305656,
        2.4890673123300076,
        2.154765449464321,
        2.0446895845234394,
        1.94545578956604,
        1.8132780268788338,
        1.7269973270595074,
        1.6536216773092747,
        1.4676068034023046,
        1.428569931536913,
        1.351984553039074,
        1.1807241551578045,
        1.1156209018081427,
        1.0683912057429552,
        1.0584918707609177,
        1.0300428606569767,
        0.9918756447732449,
        1.0276452451944351,
        1.0088460687547922,
        0.939529063180089,
        1.011741030961275
    ],
    "train_acc": [
        1.3725490196078431,
        2.2549019607843137,
        5.0,
        6.862745098039215,
        10.686274509803921,
        11.372549019607844,
        17.54901960784314,
        19.019607843137255,
        24.313725490196077,
        26.176470588235293,
        33.72549019607843,
        41.470588235294116,
        44.80392156862745,
        48.13725490196079,
        49.6078431372549,
        51.96078431372549,
        52.94117647058823,
        57.64705882352941,
        60.3921568627451,
        62.64705882352941,
        66.47058823529412,
        68.62745098039215,
        71.47058823529412,
        70.7843137254902,
        71.86274509803921,
        73.43137254901961,
        72.05882352941177,
        73.33333333333333,
        75.19607843137256,
        72.15686274509804
    ],
    "val_loss": [
        11.077795282006264,
        15.461962021887302,
        4.182354554533958,
        5.090424135327339,
        3.6075398549437523,
        3.468683399260044,
        3.7826538681983948,
        3.872805692255497,
        4.697765074670315,
        3.7191293761134148,
        2.686609026044607,
        2.5475983768701553,
        2.5254615508019924,
        2.4500758685171604,
        2.339945077896118,
        2.399313749745488,
        2.2961561884731054,
        2.2080440130084753,
        2.2117000482976437,
        2.1611665971577168,
        2.0962837785482407,
        2.0828024186193943,
        2.057851769030094,
        2.074462052434683,
        2.101433467119932,
        2.1011863872408867,
        2.0360826067626476,
        2.0654337480664253,
        2.064057994633913,
        2.0537702701985836
    ],
    "val_acc": [
        2.549019607843137,
        4.313725490196078,
        6.96078431372549,
        8.03921568627451,
        12.156862745098039,
        13.627450980392156,
        15.490196078431373,
        12.549019607843137,
        17.15686274509804,
        15.392156862745098,
        31.666666666666668,
        36.07843137254902,
        37.450980392156865,
        38.03921568627451,
        39.80392156862745,
        39.90196078431372,
        42.84313725490196,
        43.333333333333336,
        45.09803921568628,
        44.80392156862745,
        48.03921568627451,
        47.549019607843135,
        47.745098039215684,
        47.450980392156865,
        47.450980392156865,
        46.76470588235294,
        48.627450980392155,
        47.94117647058823,
        48.431372549019606,
        48.92156862745098
    ],
    "test_loss": 2.3831514308489665,
    "test_acc": 42.91754756871036,
    "num_params": 42709158
}