{
    "train_loss": [
        4.855083033442497,
        4.587578520178795,
        4.256916143000126,
        3.970843233168125,
        3.7235911935567856,
        3.5174290388822556,
        3.326590172946453,
        3.1599221751093864,
        3.039846785366535,
        2.8979641795158386,
        2.580373615026474,
        2.326191831380129,
        2.125336118042469,
        2.0481962375342846,
        1.9231814481317997,
        1.868799950927496,
        1.7785510085523129,
        1.662164818495512,
        1.6318538524210453,
        1.535644520074129,
        1.3927577268332243,
        1.2945170905441046,
        1.3014258686453104,
        1.302824016660452,
        1.2861114591360092,
        1.2644183915108442,
        1.2234001401811838,
        1.2160173449665308,
        1.178437914699316,
        1.1233529150485992
    ],
    "train_acc": [
        1.8627450980392157,
        1.9607843137254901,
        3.3333333333333335,
        5.980392156862745,
        10.882352941176471,
        13.03921568627451,
        15.980392156862745,
        20.0,
        21.470588235294116,
        23.725490196078432,
        32.35294117647059,
        40.3921568627451,
        43.627450980392155,
        44.705882352941174,
        48.03921568627451,
        48.72549019607843,
        50.294117647058826,
        53.03921568627451,
        52.05882352941177,
        56.86274509803921,
        61.470588235294116,
        64.01960784313725,
        62.549019607843135,
        63.8235294117647,
        64.80392156862744,
        64.70588235294117,
        68.03921568627452,
        65.09803921568627,
        67.6470588235294,
        69.11764705882354
    ],
    "val_loss": [
        2734.388526916504,
        25.120637983083725,
        13.657213419675827,
        3.7014784440398216,
        3.741465285420418,
        3.569455474615097,
        3.8167411610484123,
        3.463778965175152,
        3.212382961064577,
        3.0750423669815063,
        2.6967554353177547,
        2.583906538784504,
        2.5474286265671253,
        2.4558618031442165,
        2.4165130481123924,
        2.478347711265087,
        2.429162163287401,
        2.426116891205311,
        2.2816425003111362,
        2.2550862208008766,
        2.2449374571442604,
        2.2172741666436195,
        2.209989372640848,
        2.2188283056020737,
        2.2017802074551582,
        2.1600875593721867,
        2.179894048720598,
        2.169467806816101,
        2.2075961120426655,
        2.176156271249056
    ],
    "val_acc": [
        0.9803921568627451,
        2.2549019607843137,
        5.196078431372549,
        9.607843137254902,
        14.215686274509803,
        12.745098039215685,
        12.843137254901961,
        17.941176470588236,
        20.098039215686274,
        22.54901960784314,
        31.862745098039216,
        33.13725490196079,
        34.705882352941174,
        36.470588235294116,
        40.294117647058826,
        38.03921568627451,
        38.431372549019606,
        39.31372549019608,
        42.450980392156865,
        43.13725490196079,
        43.8235294117647,
        44.411764705882355,
        44.21568627450981,
        44.21568627450981,
        44.6078431372549,
        44.31372549019608,
        44.80392156862745,
        45.490196078431374,
        45.78431372549019,
        45.78431372549019
    ],
    "test_loss": 2.4659604651013804,
    "test_acc": 40.07155635062612,
    "num_params": 58352806
}