{
    "train_loss": [
        4.71798500418663,
        3.727215461432934,
        2.957684837281704,
        2.403484635055065,
        1.9581825882196426,
        1.6490154303610325,
        1.388085138052702,
        1.1892623975872993,
        1.066410107538104,
        0.9525158163160086,
        0.8103848174214363,
        0.808424448594451,
        0.7731692511588335,
        0.7488333899527788,
        0.7628843747079372,
        0.7341456320136786,
        0.763273149728775,
        0.7213517744094133,
        0.7157896775752306,
        0.6942657697945833,
        0.6912928260862827,
        0.7102960217744112,
        0.695848410949111,
        0.6945576313883066,
        0.6686739232391119,
        0.690019590780139,
        0.7020466607064009,
        0.6961160032078624,
        0.6894870270043612,
        0.7098020548000932
    ],
    "train_acc": [
        4.313725490196078,
        22.84313725490196,
        46.96078431372549,
        62.94117647058823,
        73.23529411764706,
        76.66666666666667,
        80.58823529411765,
        86.07843137254902,
        86.76470588235294,
        87.45098039215686,
        92.45098039215686,
        91.56862745098039,
        92.94117647058823,
        94.70588235294117,
        92.6470588235294,
        94.41176470588235,
        91.96078431372548,
        94.50980392156863,
        95.0,
        94.50980392156863,
        95.09803921568627,
        93.52941176470588,
        93.43137254901961,
        94.90196078431373,
        94.41176470588235,
        94.2156862745098,
        93.33333333333333,
        94.2156862745098,
        93.92156862745098,
        93.13725490196079
    ],
    "val_loss": [
        4.124938763678074,
        3.428191125392914,
        2.87125301361084,
        2.4437908455729485,
        2.113658156245947,
        1.8956652656197548,
        1.727877775207162,
        1.5763055328279734,
        1.490505114197731,
        1.3875981029123068,
        1.3650873489677906,
        1.351121250540018,
        1.341672895476222,
        1.325841834768653,
        1.3087558522820473,
        1.308454355224967,
        1.3157954700291157,
        1.2886064518243074,
        1.2752968855202198,
        1.2783657889813185,
        1.2723198663443327,
        1.256533920764923,
        1.2728373240679502,
        1.27383141964674,
        1.2510897796601057,
        1.263199994340539,
        1.271938530728221,
        1.2867025807499886,
        1.2784166540950537,
        1.2780616283416748
    ],
    "val_acc": [
        11.07843137254902,
        35.19607843137255,
        48.92156862745098,
        58.23529411764706,
        62.84313725490196,
        65.98039215686275,
        69.01960784313725,
        72.84313725490196,
        70.88235294117646,
        73.23529411764706,
        74.50980392156863,
        74.2156862745098,
        74.50980392156863,
        74.6078431372549,
        74.70588235294117,
        75.68627450980392,
        74.90196078431373,
        75.19607843137256,
        75.19607843137256,
        74.80392156862744,
        74.80392156862744,
        75.7843137254902,
        75.0,
        75.3921568627451,
        75.7843137254902,
        75.58823529411765,
        74.90196078431373,
        75.29411764705883,
        75.3921568627451,
        75.58823529411765
    ],
    "test_loss": 1.4015449645296898,
    "test_acc": 72.71100992031225,
    "num_params": 21336998
}