{
    "train_loss": [
        4.75212074816227,
        4.2410507798194885
    ],
    "train_acc": [
        1.6666666666666667,
        8.92156862745098
    ],
    "val_loss": [
        4.410107910633087,
        3.998670920729637
    ],
    "val_acc": [
        4.803921568627451,
        18.03921568627451
    ],
    "test_loss": 4.0725490145115035,
    "test_acc": 14.018539599934948,
    "num_params": 11228838
}