{
    "train_loss": [
        4.779983550310135,
        3.212089255452156,
        2.222956135869026,
        1.6297666430473328,
        1.2675106897950172,
        1.0486581437289715,
        0.8531808014959097,
        0.720636272802949,
        0.657795418985188,
        0.5710692824795842,
        0.5054423501715064,
        0.40637871297076344,
        0.4113173671066761,
        0.4100041398778558,
        0.427562671713531,
        0.3818828286603093,
        0.3754653255455196,
        0.3711290112696588,
        0.37224319158121943,
        0.3763833502307534,
        0.3487911093980074,
        0.3657027934677899,
        0.3673222931101918,
        0.35674303863197565,
        0.36580278584733605,
        0.3535185484215617,
        0.33929487876594067,
        0.3628665553405881,
        0.3626724504865706,
        0.3583851233124733
    ],
    "train_acc": [
        5.392156862745098,
        37.35294117647059,
        61.27450980392157,
        75.29411764705883,
        81.07843137254902,
        83.43137254901961,
        86.27450980392157,
        90.7843137254902,
        89.31372549019608,
        90.7843137254902,
        91.86274509803921,
        96.66666666666667,
        96.37254901960785,
        96.37254901960785,
        95.19607843137256,
        96.96078431372548,
        96.86274509803921,
        97.15686274509804,
        96.86274509803921,
        97.15686274509804,
        97.25490196078431,
        96.86274509803921,
        96.76470588235294,
        97.25490196078431,
        97.05882352941177,
        97.05882352941177,
        97.45098039215686,
        97.15686274509804,
        97.6470588235294,
        97.54901960784314
    ],
    "val_loss": [
        3.7323005348443985,
        2.71994573995471,
        1.9709582719951868,
        1.6971990689635277,
        1.4276625970378518,
        1.2827084623277187,
        1.197918176651001,
        1.05999097507447,
        0.983411087654531,
        0.9970556572079659,
        0.8832126725465059,
        0.8528408380225301,
        0.8490272774361074,
        0.8477508863434196,
        0.84021807461977,
        0.8382329340092838,
        0.8386155827902257,
        0.8250200250186026,
        0.821327586658299,
        0.8358181747607887,
        0.8307832824066281,
        0.8252260312438011,
        0.8425375446677208,
        0.8253558878786862,
        0.8218434588052332,
        0.8167824246920645,
        0.8205337608233094,
        0.8149725259281695,
        0.824847359675914,
        0.8209331627003849
    ],
    "val_acc": [
        25.686274509803923,
        42.549019607843135,
        65.68627450980392,
        65.58823529411765,
        72.25490196078431,
        72.84313725490196,
        73.33333333333333,
        75.68627450980392,
        79.2156862745098,
        76.27450980392157,
        80.98039215686275,
        82.3529411764706,
        82.74509803921569,
        82.54901960784314,
        82.6470588235294,
        82.05882352941177,
        82.45098039215686,
        82.6470588235294,
        82.45098039215686,
        82.45098039215686,
        82.3529411764706,
        82.25490196078431,
        82.05882352941177,
        83.13725490196079,
        82.74509803921569,
        83.23529411764706,
        82.84313725490196,
        83.03921568627452,
        82.94117647058823,
        82.74509803921569
    ],
    "test_loss": 0.9260305539159577,
    "test_acc": 79.9154334038055,
    "num_params": 42709158
}