{
    "train_loss": [
        4.559985898435116,
        3.502395384013653,
        2.658662438392639,
        2.1396811977028847,
        1.6707494854927063,
        1.2693332899361849,
        0.9750161208212376,
        0.7681269459426403,
        0.5875442335382104,
        0.4899608436971903,
        0.2680139404255897,
        0.17171396361663938,
        0.11993553955107927,
        0.10431804577820003,
        0.09634164441376925,
        0.09265635930933058,
        0.08659488020930439,
        0.07714085525367409,
        0.07065783033613116,
        0.06924971321132034,
        0.055703412916045636,
        0.06288172135828063,
        0.058594183705281466,
        0.05774825083790347,
        0.06373241456458345,
        0.05929082282818854,
        0.06595529551850632,
        0.059236870030872524,
        0.052353609062265605,
        0.06228582898620516
    ],
    "train_acc": [
        5.294117647058823,
        17.84313725490196,
        33.8235294117647,
        42.64705882352941,
        56.470588235294116,
        65.3921568627451,
        73.72549019607843,
        80.29411764705883,
        85.29411764705883,
        89.50980392156863,
        95.19607843137256,
        97.45098039215686,
        99.2156862745098,
        99.41176470588235,
        99.41176470588235,
        99.6078431372549,
        99.70588235294117,
        99.41176470588235,
        99.80392156862744,
        99.90196078431373,
        99.80392156862744,
        99.80392156862744,
        99.70588235294117,
        99.90196078431373,
        99.90196078431373,
        99.6078431372549,
        99.50980392156863,
        99.80392156862744,
        99.90196078431373,
        99.80392156862744
    ],
    "val_loss": [
        6.737474635243416,
        3.2484703809022903,
        3.1462068893015385,
        2.588654339313507,
        2.2647667229175568,
        2.0664197728037834,
        1.7309939451515675,
        2.2291821278631687,
        1.7861767765134573,
        1.649491973221302,
        1.0634043458849192,
        0.9971221517771482,
        0.9697415344417095,
        0.9497506581246853,
        0.9421842265874147,
        0.930755253881216,
        0.9145077280700207,
        0.9122950071468949,
        0.9138255538418889,
        0.9028063584119081,
        0.8917470132000744,
        0.889811928384006,
        0.8865241864696145,
        0.8819440375082195,
        0.8856602804735303,
        0.8877017674967647,
        0.8774880450218916,
        0.8845306858420372,
        0.8938861079514027,
        0.8883805386722088
    ],
    "val_acc": [
        6.2745098039215685,
        22.647058823529413,
        21.96078431372549,
        35.588235294117645,
        41.372549019607845,
        47.94117647058823,
        54.31372549019608,
        45.588235294117645,
        53.431372549019606,
        57.254901960784316,
        71.17647058823529,
        72.94117647058823,
        73.72549019607843,
        73.72549019607843,
        74.50980392156863,
        74.6078431372549,
        74.70588235294117,
        74.31372549019608,
        74.70588235294117,
        74.50980392156863,
        75.98039215686275,
        75.19607843137256,
        75.68627450980392,
        75.88235294117646,
        75.98039215686275,
        75.58823529411765,
        75.98039215686275,
        75.49019607843137,
        75.0,
        75.58823529411765
    ],
    "test_loss": 1.0987175208337876,
    "test_acc": 71.05220361034314,
    "num_params": 11228838
}