{
    "train_loss": [
        4.676605731248856,
        3.936301179230213,
        3.3614997267723083,
        2.967843644320965,
        2.6679816097021103,
        2.375643715262413,
        2.1294626109302044,
        1.9059944823384285,
        1.771491788327694,
        2.0213350392878056,
        1.6138204224407673,
        1.2537767011672258,
        1.0632005166262388,
        0.9457821231335402,
        0.8571895649656653,
        0.7990024872124195,
        0.7412397712469101,
        0.6587668647989631,
        0.6263076458126307,
        0.5901627354323864,
        0.5205289022997022,
        0.5508083393797278,
        0.5242345919832587,
        0.5147184217348695,
        0.4736778987571597,
        0.5023984732106328,
        0.49583148630335927,
        0.501299393363297,
        0.480375780723989,
        0.510708742775023
    ],
    "train_acc": [
        4.803921568627451,
        9.411764705882353,
        16.470588235294116,
        21.862745098039216,
        29.019607843137255,
        34.80392156862745,
        41.470588235294116,
        47.549019607843135,
        50.09803921568628,
        45.09803921568628,
        56.1764705882353,
        66.66666666666667,
        70.3921568627451,
        75.09803921568627,
        76.66666666666667,
        80.09803921568627,
        81.37254901960785,
        82.84313725490196,
        85.58823529411765,
        85.09803921568627,
        87.45098039215686,
        87.3529411764706,
        86.96078431372548,
        87.84313725490196,
        89.70588235294117,
        88.43137254901961,
        89.31372549019608,
        88.43137254901961,
        89.2156862745098,
        87.74509803921569
    ],
    "val_loss": [
        4.7360493168234825,
        4.249924309551716,
        3.3139230646193027,
        3.7021157518029213,
        3.468500643968582,
        2.8676915131509304,
        2.554439153522253,
        2.737151976674795,
        3.460874307900667,
        3.4695145450532436,
        1.9976487644016743,
        1.7692465987056494,
        1.6980429291725159,
        1.6938660442829132,
        1.6154243145138025,
        1.604287886992097,
        1.5704529769718647,
        1.5263109188526869,
        1.5326777212321758,
        1.5003605801612139,
        1.515423770993948,
        1.5035956557840109,
        1.522324750199914,
        1.5054143760353327,
        1.4854494500905275,
        1.4800924565643072,
        1.4928488694131374,
        1.4911718927323818,
        1.5015610344707966,
        1.462080990895629
    ],
    "val_acc": [
        5.196078431372549,
        8.333333333333334,
        18.627450980392158,
        13.72549019607843,
        17.15686274509804,
        27.84313725490196,
        33.431372549019606,
        31.862745098039216,
        25.0,
        23.03921568627451,
        47.15686274509804,
        52.94117647058823,
        54.509803921568626,
        55.09803921568628,
        56.470588235294116,
        57.15686274509804,
        59.509803921568626,
        59.80392156862745,
        59.01960784313726,
        60.3921568627451,
        59.80392156862745,
        59.90196078431372,
        59.411764705882355,
        59.509803921568626,
        60.294117647058826,
        60.78431372549019,
        60.98039215686274,
        60.3921568627451,
        60.294117647058826,
        61.1764705882353
    ],
    "test_loss": 1.7282703410004088,
    "test_acc": 56.20426085542365,
    "num_params": 22488422
}