{
    "train_loss": [
        4.84361557662487,
        4.126711934804916,
        2.913599982857704,
        1.977006271481514,
        1.395262137055397,
        0.9591698311269283,
        0.656416105106473,
        0.45131094474345446,
        0.3790632737800479,
        0.21763616404496133,
        0.15517553960671648,
        0.08446615235880017,
        0.06274301884695888,
        0.045909298554761335,
        0.047876783908577636,
        0.040433089481666684,
        0.04034051482449286,
        0.03396127789164893,
        0.03824544700910337,
        0.031374880752991885,
        0.02913798566441983,
        0.027837011351948604,
        0.029928681848105043,
        0.025260434893425554,
        0.02887867094250396,
        0.024989264740725048,
        0.024525423999875784,
        0.028513763725641184,
        0.026122475421288982,
        0.02192859459319152
    ],
    "train_acc": [
        1.5686274509803921,
        10.098039215686274,
        28.823529411764707,
        46.07843137254902,
        58.92156862745098,
        73.43137254901961,
        79.90196078431373,
        88.03921568627452,
        89.11764705882354,
        94.50980392156863,
        96.27450980392157,
        98.43137254901961,
        99.01960784313725,
        99.31372549019608,
        99.31372549019608,
        99.70588235294117,
        99.70588235294117,
        99.70588235294117,
        99.31372549019608,
        99.70588235294117,
        99.70588235294117,
        99.80392156862744,
        99.70588235294117,
        99.6078431372549,
        99.70588235294117,
        100.0,
        99.80392156862744,
        99.80392156862744,
        99.80392156862744,
        99.70588235294117
    ],
    "val_loss": [
        5.766421064734459,
        3.5355488806962967,
        3.0212378911674023,
        2.1188111770898104,
        1.8984667100012302,
        1.8680122550576925,
        1.4539509480819106,
        1.4611230492591858,
        1.1845894884318113,
        1.1520182881504297,
        0.8821893795393407,
        0.8190089515410364,
        0.8197729727253318,
        0.7982227709144354,
        0.7792287459596992,
        0.8172547318972647,
        0.7819703281857073,
        0.7707547349855304,
        0.7819453594274819,
        0.7688017240725458,
        0.7853448204696178,
        0.7756615695543587,
        0.7914734571240842,
        0.7773479493334889,
        0.7766157141886652,
        0.7802188410423696,
        0.7669821344316006,
        0.7719462623354048,
        0.7893747393973172,
        0.7741374089382589
    ],
    "val_acc": [
        2.450980392156863,
        18.235294117647058,
        31.568627450980394,
        45.3921568627451,
        49.509803921568626,
        54.21568627450981,
        62.64705882352941,
        64.70588235294117,
        69.6078431372549,
        71.56862745098039,
        77.3529411764706,
        78.82352941176471,
        79.01960784313725,
        79.01960784313725,
        79.11764705882354,
        78.92156862745098,
        79.2156862745098,
        79.50980392156863,
        79.41176470588235,
        79.41176470588235,
        79.41176470588235,
        79.90196078431373,
        79.6078431372549,
        79.6078431372549,
        79.80392156862744,
        79.41176470588235,
        80.29411764705883,
        79.70588235294117,
        79.70588235294117,
        79.31372549019608
    ],
    "test_loss": 0.9056143819021515,
    "test_acc": 77.18328183444463,
    "num_params": 60292522
}