{
    "train_loss": [
        4.623623847961426,
        4.00710229575634,
        2.5826558098196983,
        1.3160206265747547,
        0.6425397647544742,
        0.3591360398568213,
        0.37730866856873035,
        0.49163328763097525,
        0.3525810388382524,
        0.3177353267092258,
        0.14731430017855018,
        0.07117030501831323,
        0.054450070951133966,
        0.048807547660544515,
        0.04634076717775315,
        0.039055778877809644,
        0.04068252275465056,
        0.0350138574722223,
        0.033689872827380896,
        0.03295407764380798,
        0.03137750312453136,
        0.030961612763348967,
        0.02996830944903195,
        0.0327047782484442,
        0.030613202427048236,
        0.030317097844090313,
        0.031372069381177425,
        0.030578040808904916,
        0.030885938671417534,
        0.0293967472971417
    ],
    "train_acc": [
        1.4705882352941178,
        21.764705882352942,
        59.705882352941174,
        86.17647058823529,
        92.15686274509804,
        95.58823529411765,
        92.94117647058823,
        89.41176470588235,
        93.13725490196079,
        93.52941176470588,
        97.25490196078431,
        99.50980392156863,
        99.70588235294117,
        99.70588235294117,
        99.80392156862744,
        100.0,
        99.80392156862744,
        100.0,
        100.0,
        100.0,
        100.0,
        100.0,
        100.0,
        99.90196078431373,
        99.90196078431373,
        100.0,
        99.90196078431373,
        100.0,
        100.0,
        100.0
    ],
    "val_loss": [
        4.600398942828178,
        3.183786317706108,
        1.8965930938720703,
        1.0675075091421604,
        0.6900108689442277,
        0.7727518510073423,
        1.1597586097195745,
        0.7333701816387475,
        1.0429372563958168,
        0.7231697376118973,
        0.4376128100557253,
        0.3913853857666254,
        0.37262677890248597,
        0.35937178309541196,
        0.3592692738166079,
        0.3489276247564703,
        0.3469875085866079,
        0.3397763924440369,
        0.33358509454410523,
        0.3346145967952907,
        0.3340738747501746,
        0.33369847550056875,
        0.33320164564065635,
        0.33232621767092496,
        0.3315364852314815,
        0.330832960200496,
        0.3292572108330205,
        0.32839845679700375,
        0.3282332809176296,
        0.3278527568327263
    ],
    "val_acc": [
        3.4313725490196076,
        49.411764705882355,
        75.3921568627451,
        85.0,
        87.3529411764706,
        82.74509803921569,
        71.07843137254902,
        81.56862745098039,
        75.0,
        83.92156862745098,
        89.80392156862744,
        91.17647058823529,
        91.66666666666667,
        91.96078431372548,
        91.66666666666667,
        92.25490196078431,
        91.76470588235294,
        91.96078431372548,
        92.25490196078431,
        92.54901960784314,
        92.6470588235294,
        92.54901960784314,
        92.54901960784314,
        92.54901960784314,
        92.54901960784314,
        92.6470588235294,
        92.74509803921569,
        92.84313725490196,
        92.74509803921569,
        92.74509803921569
    ],
    "test_loss": 0.3936443651973275,
    "test_acc": 90.68141161164417,
    "num_params": 85877094
}