{
    "train_loss": [
        4.8414782881736755,
        4.664459630846977,
        4.5115219205617905,
        4.211670935153961,
        4.01324950158596,
        3.905144639313221,
        3.765871971845627,
        3.647710993885994,
        3.5531098768115044,
        3.36276688426733,
        3.0759571865200996,
        2.923584707081318,
        2.8678411468863487,
        2.790338858962059,
        2.6563661992549896,
        2.6263849660754204,
        2.6067048832774162,
        2.467389117926359,
        2.359340913593769,
        2.3904365450143814,
        2.2041474506258965,
        2.097378220409155,
        2.0602002143859863,
        2.1133054830133915,
        2.0342603400349617,
        2.000740572810173,
        2.02996077388525,
        1.9455811455845833,
        1.9251079708337784,
        1.9121237136423588
    ],
    "train_acc": [
        0.8823529411764706,
        0.9803921568627451,
        2.2549019607843137,
        5.0,
        5.784313725490196,
        6.666666666666667,
        8.431372549019608,
        10.980392156862745,
        11.372549019607844,
        15.098039215686274,
        22.254901960784313,
        25.294117647058822,
        27.647058823529413,
        28.431372549019606,
        30.784313725490197,
        30.0,
        33.92156862745098,
        35.19607843137255,
        36.666666666666664,
        35.98039215686274,
        40.78431372549019,
        43.92156862745098,
        47.254901960784316,
        43.431372549019606,
        46.568627450980394,
        44.90196078431372,
        44.90196078431372,
        47.450980392156865,
        49.6078431372549,
        48.23529411764706
    ],
    "val_loss": [
        4.614979103207588,
        4.867496952414513,
        7.1971794962883,
        3.965526759624481,
        40.105750262737274,
        3.7928696423768997,
        9.825153015553951,
        3.6762637570500374,
        3.6450386121869087,
        3.5221177712082863,
        3.1752978563308716,
        3.049041572958231,
        3.035423643887043,
        3.0152908973395824,
        2.984876159578562,
        2.967645078897476,
        2.813447754830122,
        2.9567118287086487,
        2.78986481949687,
        2.780218366533518,
        2.705202717334032,
        2.682062294334173,
        2.7121120542287827,
        2.6517782658338547,
        2.637257259339094,
        2.6551824137568474,
        2.6769308038055897,
        2.6449328549206257,
        2.641891285777092,
        2.616403352469206
    ],
    "val_acc": [
        1.5686274509803921,
        1.8627450980392157,
        4.117647058823529,
        6.176470588235294,
        5.0,
        10.392156862745098,
        8.529411764705882,
        10.980392156862745,
        13.431372549019608,
        13.92156862745098,
        19.901960784313726,
        22.84313725490196,
        24.41176470588235,
        24.313725490196077,
        25.294117647058822,
        26.568627450980394,
        29.80392156862745,
        27.15686274509804,
        32.35294117647059,
        30.58823529411765,
        31.96078431372549,
        32.94117647058823,
        32.450980392156865,
        33.03921568627451,
        34.11764705882353,
        33.529411764705884,
        33.8235294117647,
        34.11764705882353,
        34.31372549019608,
        35.588235294117645
    ],
    "test_loss": 2.8562390668404536,
    "test_acc": 30.31387217433729,
    "num_params": 42709158
}