{
    "train_loss": [
        4.701644852757454,
        4.085717365145683,
        3.684565953910351,
        3.3712968975305557,
        3.062273621559143,
        2.8277003318071365,
        2.5669271647930145,
        2.3135151229798794,
        2.1268917359411716,
        1.8776592276990414,
        2.2787078097462654,
        1.7141514085233212,
        1.5616278052330017,
        1.4403618089854717,
        1.2693399414420128,
        1.1477960478514433,
        0.9968252573162317,
        1.0024926010519266,
        0.8499730927869678,
        0.7447943836450577,
        1.060383565723896,
        0.7515377039089799,
        0.6338714770972729,
        0.6199292223900557,
        0.5717715369537473,
        0.5132690910249949,
        0.47557010874152184,
        0.4017279609106481,
        0.42708042869344354,
        0.4316843841224909
    ],
    "train_acc": [
        3.235294117647059,
        6.666666666666667,
        14.803921568627452,
        19.901960784313726,
        25.294117647058822,
        30.49019607843137,
        35.88235294117647,
        41.86274509803921,
        46.568627450980394,
        53.333333333333336,
        41.96078431372549,
        57.549019607843135,
        60.88235294117647,
        64.31372549019608,
        68.82352941176471,
        72.15686274509804,
        76.86274509803921,
        75.68627450980392,
        80.19607843137256,
        82.45098039215686,
        75.29411764705883,
        82.84313725490196,
        86.37254901960785,
        86.27450980392157,
        88.72549019607843,
        88.62745098039215,
        89.70588235294117,
        91.86274509803921,
        92.3529411764706,
        89.01960784313725
    ],
    "val_loss": [
        7.072885550558567,
        4.305704951286316,
        5.201749302446842,
        3.6017404794692993,
        4.12981604039669,
        4.156228858977556,
        3.1388477981090546,
        3.2049108892679214,
        3.0322897396981716,
        3.641492635011673,
        2.8476943857967854,
        2.9360393062233925,
        2.902936015278101,
        2.6798492297530174,
        2.715826554223895,
        2.2344717904925346,
        2.148617956787348,
        2.2544372342526913,
        2.9268608819693327,
        2.2198193557560444,
        3.1576633770018816,
        2.2135509476065636,
        2.0211051162332296,
        1.9791650157421827,
        2.4219820238649845,
        2.3737477865070105,
        1.704133564606309,
        1.9119357131421566,
        2.196127811446786,
        1.9804424308240414
    ],
    "val_acc": [
        2.156862745098039,
        6.078431372549019,
        4.313725490196078,
        16.372549019607842,
        12.647058823529411,
        14.803921568627452,
        22.745098039215687,
        25.098039215686274,
        27.745098039215687,
        22.058823529411764,
        30.58823529411765,
        31.764705882352942,
        31.274509803921568,
        35.19607843137255,
        35.3921568627451,
        43.23529411764706,
        45.588235294117645,
        44.90196078431372,
        33.13725490196079,
        46.86274509803921,
        33.529411764705884,
        47.35294117647059,
        46.76470588235294,
        50.19607843137255,
        41.27450980392157,
        43.627450980392155,
        56.96078431372549,
        51.96078431372549,
        48.03921568627451,
        52.450980392156865
    ],
    "test_loss": 2.217143107707482,
    "test_acc": 47.99154334038055,
    "num_params": 15695378
}