{
    "train_loss": [
        4.768870323896408,
        3.7399105206131935,
        2.968446172773838,
        2.399825017899275,
        1.9403271563351154,
        1.6320687718689442,
        1.4143557865172625,
        1.2079655472189188,
        1.0756356604397297,
        0.9180188179016113,
        0.8227987214922905,
        0.795436923392117,
        0.7789067476987839,
        0.7842932567000389,
        0.7231078548356891,
        0.7572082113474607,
        0.7692463677376509,
        0.7432381389662623,
        0.7149676727131009,
        0.7338801342993975,
        0.6958771497011185,
        0.7254484007135034,
        0.694940990768373,
        0.7221587849780917,
        0.7202535308897495,
        0.7087036995217204,
        0.6944184750318527,
        0.6818003868684173,
        0.6806881418451667,
        0.6754196844995022
    ],
    "train_acc": [
        3.1372549019607843,
        23.92156862745098,
        45.588235294117645,
        62.84313725490196,
        74.31372549019608,
        80.0,
        80.19607843137256,
        85.3921568627451,
        86.86274509803921,
        89.80392156862744,
        90.98039215686275,
        92.05882352941177,
        93.43137254901961,
        93.52941176470588,
        93.82352941176471,
        92.6470588235294,
        93.82352941176471,
        92.45098039215686,
        95.0,
        93.72549019607843,
        94.70588235294117,
        93.72549019607843,
        93.82352941176471,
        94.50980392156863,
        93.62745098039215,
        93.62745098039215,
        95.0,
        94.01960784313725,
        94.2156862745098,
        94.31372549019608
    ],
    "val_loss": [
        4.12355399876833,
        3.3969408720731735,
        2.83161673694849,
        2.4127491042017937,
        2.087260089814663,
        1.905144538730383,
        1.7016632333397865,
        1.5672186724841595,
        1.4287419337779284,
        1.3741315808147192,
        1.3517073579132557,
        1.3279594089835882,
        1.3156881034374237,
        1.3140472024679184,
        1.3059347197413445,
        1.2986849304288626,
        1.2639558352530003,
        1.2796812523156404,
        1.2682822439819574,
        1.270405225455761,
        1.2687280476093292,
        1.2524256221950054,
        1.2542129028588533,
        1.25285448692739,
        1.2543505281209946,
        1.2678725142031908,
        1.2530617378652096,
        1.2650273237377405,
        1.260545440018177,
        1.267057579010725
    ],
    "val_acc": [
        9.803921568627452,
        33.529411764705884,
        47.84313725490196,
        59.31372549019608,
        68.03921568627452,
        65.0,
        71.56862745098039,
        71.47058823529412,
        74.6078431372549,
        74.50980392156863,
        76.17647058823529,
        77.15686274509804,
        76.56862745098039,
        76.66666666666667,
        76.96078431372548,
        77.15686274509804,
        78.03921568627452,
        77.15686274509804,
        77.45098039215686,
        77.45098039215686,
        77.05882352941177,
        78.03921568627452,
        77.74509803921569,
        77.45098039215686,
        77.74509803921569,
        77.05882352941177,
        77.3529411764706,
        77.25490196078431,
        77.74509803921569,
        77.15686274509804
    ],
    "test_loss": 1.3847128650067384,
    "test_acc": 73.58920149617823,
    "num_params": 21336998
}