{
    "train_loss": [
        4.364187091588974,
        3.6240599006414413,
        2.97363418340683,
        2.38354779034853,
        1.8924650102853775,
        1.5499040000140667,
        1.2814404126256704,
        1.0695827510207891,
        0.9247533995658159,
        0.7982664704322815,
        0.7142800595611334,
        0.7472242321819067,
        0.7580931410193443,
        0.7118996186181903,
        0.6830356949940324,
        0.720012835226953,
        0.6937535367906094,
        0.720400401391089,
        0.6773401340469718,
        0.6648516645655036,
        0.6727371020242572,
        0.7103739231824875,
        0.6645743744447827,
        0.6904518995434046,
        0.6646098885685205,
        0.7085982831194997,
        0.6905039567500353,
        0.6466026976704597,
        0.6832071533426642,
        0.7034466080367565
    ],
    "train_acc": [
        29.705882352941178,
        79.6078431372549,
        85.09803921568627,
        87.15686274509804,
        90.29411764705883,
        87.6470588235294,
        90.29411764705883,
        91.07843137254902,
        90.3921568627451,
        92.3529411764706,
        91.86274509803921,
        92.15686274509804,
        91.37254901960785,
        91.47058823529412,
        93.33333333333333,
        92.94117647058823,
        92.45098039215686,
        91.37254901960785,
        93.23529411764706,
        92.74509803921569,
        93.52941176470588,
        91.56862745098039,
        93.03921568627452,
        91.56862745098039,
        93.43137254901961,
        90.7843137254902,
        91.76470588235294,
        92.74509803921569,
        92.94117647058823,
        92.05882352941177
    ],
    "val_loss": [
        3.8830149471759796,
        3.1475879922509193,
        2.490815009921789,
        1.9200581721961498,
        1.4721497669816017,
        1.1466478817164898,
        0.9155992940068245,
        0.7480894681066275,
        0.6297729155048728,
        0.5433513829484582,
        0.5360375866293907,
        0.5289254738017917,
        0.521954498719424,
        0.5150852520018816,
        0.5079897469840944,
        0.5013220980763435,
        0.49459754722192883,
        0.4880820168182254,
        0.4813829464837909,
        0.4749911269173026,
        0.4743582117371261,
        0.47370246332138777,
        0.47306116530671716,
        0.4724103882908821,
        0.4717352921143174,
        0.47108042426407337,
        0.4704391937702894,
        0.4697683514095843,
        0.46911662304773927,
        0.4684311170130968
    ],
    "val_acc": [
        84.01960784313725,
        92.74509803921569,
        94.31372549019608,
        94.80392156862744,
        95.09803921568627,
        95.29411764705883,
        95.3921568627451,
        95.7843137254902,
        96.37254901960785,
        96.66666666666667,
        96.66666666666667,
        96.66666666666667,
        96.66666666666667,
        96.66666666666667,
        96.56862745098039,
        96.66666666666667,
        96.76470588235294,
        96.66666666666667,
        96.66666666666667,
        96.76470588235294,
        96.76470588235294,
        96.76470588235294,
        96.76470588235294,
        96.76470588235294,
        96.76470588235294,
        96.76470588235294,
        96.76470588235294,
        96.76470588235294,
        96.76470588235294,
        96.76470588235294
    ],
    "test_loss": 0.5097892031150778,
    "test_acc": 95.31631159538136,
    "num_params": 87533670
}