{
    "train_loss": [
        4.582057401537895,
        3.2036984264850616,
        2.5149891898036003,
        1.9907727129757404,
        1.6074044927954674,
        1.2409519460052252,
        0.98540816642344,
        0.8975571841001511,
        0.7171004805713892,
        0.6106184218078852,
        0.3829309686552733,
        0.1880968469195068,
        0.15460863965563476,
        0.12786955770570785,
        0.10689003148581833,
        0.08045869803754613,
        0.08712890488095582,
        0.07555542211048305,
        0.06207659252686426,
        0.05141344963340089,
        0.060429380915593356,
        0.05547420564107597,
        0.0539118098677136,
        0.05534651014022529,
        0.05269694299204275,
        0.048705469467677176,
        0.05878307338571176,
        0.04863387398654595,
        0.052511149988276884,
        0.051229620119556785
    ],
    "train_acc": [
        6.078431372549019,
        23.823529411764707,
        33.23529411764706,
        45.09803921568628,
        54.11764705882353,
        63.23529411764706,
        71.56862745098039,
        74.41176470588235,
        78.72549019607843,
        81.96078431372548,
        88.13725490196079,
        95.7843137254902,
        96.96078431372548,
        97.45098039215686,
        98.13725490196079,
        99.11764705882354,
        98.82352941176471,
        98.62745098039215,
        99.31372549019608,
        99.41176470588235,
        98.92156862745098,
        99.31372549019608,
        99.2156862745098,
        99.01960784313725,
        99.50980392156863,
        99.50980392156863,
        99.01960784313725,
        99.6078431372549,
        99.01960784313725,
        99.01960784313725
    ],
    "val_loss": [
        4.908226437866688,
        4.2748259752988815,
        2.8072075620293617,
        2.9130842462182045,
        2.3749164510518312,
        2.662014752626419,
        2.1623407807201147,
        2.096628462895751,
        2.2757437843829393,
        2.385149883106351,
        1.329372150823474,
        1.248161930590868,
        1.2393516227602959,
        1.2001070585101843,
        1.1590196751058102,
        1.130990156903863,
        1.1220407020300627,
        1.112041026353836,
        1.10637591406703,
        1.1079301424324512,
        1.0969998184591532,
        1.0982788475230336,
        1.1052125357091427,
        1.107544326223433,
        1.1067172139883041,
        1.10287547390908,
        1.0950300646945834,
        1.099132478237152,
        1.107452712021768,
        1.0922695249319077
    ],
    "val_acc": [
        7.1568627450980395,
        14.117647058823529,
        30.980392156862745,
        32.05882352941177,
        41.96078431372549,
        38.431372549019606,
        48.431372549019606,
        51.568627450980394,
        47.254901960784316,
        45.98039215686274,
        64.01960784313725,
        66.37254901960785,
        67.3529411764706,
        68.13725490196079,
        68.43137254901961,
        69.50980392156863,
        70.19607843137256,
        70.09803921568627,
        70.29411764705883,
        70.3921568627451,
        70.68627450980392,
        70.98039215686275,
        71.27450980392157,
        71.07843137254902,
        70.3921568627451,
        70.49019607843137,
        71.17647058823529,
        70.7843137254902,
        70.98039215686275,
        70.98039215686275
    ],
    "test_loss": 1.3574308437039506,
    "test_acc": 66.12457310131728,
    "num_params": 11794036
}