{
    "train_loss": [
        4.7762275487184525,
        4.19970578700304
    ],
    "train_acc": [
        1.8627450980392157,
        5.588235294117647
    ],
    "val_loss": [
        4.408744536340237,
        3.967384025454521
    ],
    "val_acc": [
        3.4313725490196076,
        8.235294117647058
    ],
    "test_loss": 4.129021477205148,
    "test_acc": 6.407545942429663,
    "num_params": 11794036
}