{
    "train_loss": [
        3.986903563141823,
        2.192340489476919,
        1.2884552422910929,
        0.8184899613261223,
        0.4961416693404317,
        0.40158950118348,
        0.2969436408020556,
        0.21421857015229762,
        0.18227662821300328,
        0.1888499524211511,
        0.10772368172183633,
        0.04194651052239351,
        0.03485424004611559,
        0.02703610507887788,
        0.028796756290830672,
        0.023654792312299833,
        0.018327711324673146,
        0.02178543030458968,
        0.023440541262971237,
        0.01737976146978326,
        0.012804297031834722,
        0.014706765854498371,
        0.0157032224960858,
        0.016107482311781496,
        0.01793221804109635,
        0.014026903518242761,
        0.015281151718227193,
        0.015320735808927566,
        0.013519736457965337,
        0.013628440487082116
    ],
    "train_acc": [
        16.274509803921568,
        46.568627450980394,
        68.82352941176471,
        79.6078431372549,
        88.92156862745098,
        91.07843137254902,
        93.72549019607843,
        95.7843137254902,
        95.68627450980392,
        95.49019607843137,
        98.33333333333333,
        99.90196078431373,
        99.80392156862744,
        100.0,
        99.80392156862744,
        99.90196078431373,
        100.0,
        99.6078431372549,
        99.80392156862744,
        100.0,
        99.90196078431373,
        99.90196078431373,
        100.0,
        99.80392156862744,
        99.90196078431373,
        100.0,
        99.90196078431373,
        100.0,
        99.90196078431373,
        100.0
    ],
    "val_loss": [
        6.239195317029953,
        2.2352707348763943,
        1.6513775885105133,
        1.6300127506256104,
        1.4263545768335462,
        1.395409008488059,
        1.7982348427176476,
        1.2054785015061498,
        1.1417007325217128,
        1.4971641544252634,
        0.8102416610345244,
        0.7214039009995759,
        0.6782538038678467,
        0.6671792957931757,
        0.6424062536098063,
        0.64598632697016,
        0.6247182190418243,
        0.6214906666427851,
        0.6348417964763939,
        0.627387385815382,
        0.6286389692686498,
        0.6251007565297186,
        0.6216423995792866,
        0.6214876440353692,
        0.6151876063086092,
        0.631362778134644,
        0.6031080516986549,
        0.6124171819537878,
        0.6037670830264688,
        0.6153808506205678
    ],
    "val_acc": [
        12.058823529411764,
        42.94117647058823,
        55.09803921568628,
        58.8235294117647,
        63.333333333333336,
        63.431372549019606,
        57.35294117647059,
        69.41176470588235,
        71.47058823529412,
        60.78431372549019,
        77.15686274509804,
        80.68627450980392,
        81.86274509803921,
        82.3529411764706,
        83.03921568627452,
        83.23529411764706,
        83.62745098039215,
        83.03921568627452,
        82.94117647058823,
        82.74509803921569,
        83.13725490196079,
        83.33333333333333,
        82.94117647058823,
        83.03921568627452,
        83.43137254901961,
        82.94117647058823,
        83.33333333333333,
        83.62745098039215,
        83.82352941176471,
        83.33333333333333
    ],
    "test_loss": 0.7601506933762928,
    "test_acc": 80.22442673605464,
    "num_params": 11228838
}