{
    "train_loss": [
        4.792855232954025,
        4.301780417561531
    ],
    "train_acc": [
        1.7647058823529411,
        7.352941176470588
    ],
    "val_loss": [
        4.394873566925526,
        3.960932970046997
    ],
    "val_acc": [
        4.607843137254902,
        19.11764705882353
    ],
    "test_loss": 3.9770236077086296,
    "test_acc": 19.677996422182467,
    "num_params": 21336998
}