{
    "train_loss": [
        4.742616780102253,
        4.544472873210907,
        4.376913174986839,
        4.230766493827105,
        4.090229757130146,
        3.991514313966036,
        3.8642130717635155,
        3.7235716320574284,
        3.519156277179718,
        3.4616138748824596,
        3.6846374459564686,
        3.4984016939997673,
        3.293600268661976,
        3.163419533520937,
        2.9432874880731106,
        2.924645509570837,
        2.7284641601145267,
        2.5922144893556833,
        2.459681261330843,
        2.426125032827258,
        2.4493319671601057,
        2.165066383779049,
        2.0480627305805683,
        1.9734208080917597,
        1.8607959412038326,
        1.7141902036964893,
        1.6792573621496558,
        1.5155534958466887,
        1.4636035738512874,
        1.361228907480836
    ],
    "train_acc": [
        1.1764705882352942,
        1.5686274509803921,
        2.7450980392156863,
        4.215686274509804,
        5.392156862745098,
        8.333333333333334,
        7.8431372549019605,
        10.686274509803921,
        13.92156862745098,
        15.588235294117647,
        11.568627450980392,
        14.117647058823529,
        19.41176470588235,
        21.862745098039216,
        25.19607843137255,
        25.294117647058822,
        30.294117647058822,
        33.23529411764706,
        34.90196078431372,
        37.94117647058823,
        35.490196078431374,
        42.15686274509804,
        46.07843137254902,
        49.11764705882353,
        52.254901960784316,
        56.86274509803921,
        55.19607843137255,
        62.35294117647059,
        64.11764705882354,
        65.09803921568627
    ],
    "val_loss": [
        4.660329543054104,
        4.4554066844284534,
        4.293508667498827,
        4.405325096100569,
        4.304242629557848,
        4.4977866522967815,
        4.2880277670919895,
        3.9447976667433977,
        3.82194222509861,
        4.561426134780049,
        4.905765786767006,
        4.491724444553256,
        3.9567641131579876,
        3.9403774309903383,
        4.013917891308665,
        3.511177819222212,
        3.563194887712598,
        3.9748682603240013,
        3.3193444050848484,
        3.331497780047357,
        5.8606310077011585,
        3.121140720322728,
        3.148847905918956,
        2.84361557289958,
        2.9377090986818075,
        2.847757486626506,
        2.918057424016297,
        2.6610437482595444,
        2.7692788653075695,
        2.84758916310966
    ],
    "val_acc": [
        0.9803921568627451,
        2.7450980392156863,
        3.1372549019607843,
        3.627450980392157,
        5.980392156862745,
        3.9215686274509802,
        5.784313725490196,
        9.901960784313726,
        10.392156862745098,
        7.9411764705882355,
        0.9803921568627451,
        6.666666666666667,
        12.450980392156863,
        10.882352941176471,
        11.862745098039216,
        16.274509803921568,
        17.54901960784314,
        14.019607843137255,
        20.980392156862745,
        22.941176470588236,
        1.7647058823529411,
        25.49019607843137,
        24.313725490196077,
        30.098039215686274,
        30.0,
        30.294117647058822,
        31.470588235294116,
        33.72549019607843,
        32.05882352941177,
        30.88235294117647
    ],
    "test_loss": 3.042096701051508,
    "test_acc": 27.012522361359572,
    "num_params": 46964698
}