{
    "train_loss": [
        4.791975982487202,
        3.2412676364183426,
        2.354479394853115,
        1.7405800484120846,
        1.3500064350664616,
        1.0871356502175331,
        0.9060484245419502,
        0.763914736919105,
        0.6858966145664454,
        0.6109956772997975,
        0.49390666745603085,
        0.4420508658513427,
        0.4568065321072936,
        0.4606540920212865,
        0.4394073123112321,
        0.41876821126788855,
        0.41028121672570705,
        0.4380081398412585,
        0.4152630418539047,
        0.411201698705554,
        0.4063086025416851,
        0.3926974409259856,
        0.4041246301494539,
        0.4096038732677698,
        0.40504553681239486,
        0.4167596371844411,
        0.40185961965471506,
        0.39330876152962446,
        0.3750996785238385,
        0.3781065274961293
    ],
    "train_acc": [
        6.372549019607843,
        37.254901960784316,
        57.549019607843135,
        72.25490196078431,
        78.62745098039215,
        84.2156862745098,
        87.3529411764706,
        88.92156862745098,
        89.2156862745098,
        91.27450980392157,
        95.29411764705883,
        96.27450980392157,
        94.90196078431373,
        95.58823529411765,
        95.7843137254902,
        96.17647058823529,
        96.47058823529412,
        95.88235294117646,
        96.47058823529412,
        96.56862745098039,
        95.98039215686275,
        97.3529411764706,
        96.96078431372548,
        96.17647058823529,
        96.96078431372548,
        96.37254901960785,
        96.27450980392157,
        96.27450980392157,
        97.6470588235294,
        97.15686274509804
    ],
    "val_loss": [
        3.7296283170580864,
        2.715085308998823,
        2.160315703600645,
        1.7936923764646053,
        1.5095673333853483,
        1.3709107916802168,
        1.220243502408266,
        1.1250207293778658,
        1.0636730631813407,
        1.0029212646186352,
        0.9264835482463241,
        0.8986633801832795,
        0.8982656802982092,
        0.8997325887903571,
        0.8740759463980794,
        0.8771231938153505,
        0.8785358173772693,
        0.8662435216829181,
        0.8851167876273394,
        0.8625297527760267,
        0.849305659532547,
        0.8613903792575002,
        0.8651721589267254,
        0.8624924933537841,
        0.8727149087935686,
        0.8500696001574397,
        0.8577691093087196,
        0.8531686710193753,
        0.8599946033209562,
        0.8465535137802362
    ],
    "val_acc": [
        18.92156862745098,
        47.254901960784316,
        59.509803921568626,
        64.31372549019608,
        70.3921568627451,
        70.7843137254902,
        73.52941176470588,
        75.09803921568627,
        76.17647058823529,
        77.74509803921569,
        80.88235294117646,
        80.98039215686275,
        81.56862745098039,
        81.07843137254902,
        81.47058823529412,
        82.3529411764706,
        82.05882352941177,
        82.25490196078431,
        81.96078431372548,
        82.3529411764706,
        82.05882352941177,
        81.17647058823529,
        82.15686274509804,
        82.45098039215686,
        82.6470588235294,
        82.54901960784314,
        82.25490196078431,
        82.15686274509804,
        82.45098039215686,
        82.74509803921569
    ],
    "test_loss": 0.9414457012489053,
    "test_acc": 80.04553585948935,
    "num_params": 23717030
}