{
    "train_loss": [
        4.560575872659683,
        4.228447332978249
    ],
    "train_acc": [
        1.4705882352941178,
        2.843137254901961
    ],
    "val_loss": [
        4.312909781932831,
        4.037666641175747
    ],
    "val_acc": [
        4.411764705882353,
        6.078431372549019
    ],
    "test_loss": 4.101292864646319,
    "test_acc": 6.423808749390145,
    "num_params": 87533670
}