{
    "train_loss": [
        4.498346105217934,
        3.9691580832004547,
        3.40772345662117,
        2.937415160238743,
        2.5400639474391937,
        2.27243185788393,
        2.098979078233242,
        1.9563563875854015,
        1.8653109706938267,
        1.8013574853539467,
        1.808537881821394,
        1.7803633138537407,
        1.7711744979023933,
        1.7552964575588703,
        1.7394380420446396,
        1.75281335785985,
        1.7446133345365524,
        1.7338062413036823,
        1.7411706745624542,
        1.7394595295190811,
        1.7612754441797733,
        1.7428770698606968,
        1.7261119671165943,
        1.733838077634573,
        1.7445660755038261,
        1.7553194500505924,
        1.7428000271320343,
        1.7239899821579456,
        1.7173363082110882,
        1.7114300429821014
    ],
    "train_acc": [
        16.470588235294116,
        69.2156862745098,
        90.09803921568627,
        95.3921568627451,
        98.72549019607843,
        99.2156862745098,
        99.41176470588235,
        99.6078431372549,
        99.50980392156863,
        100.0,
        99.6078431372549,
        99.6078431372549,
        99.31372549019608,
        99.50980392156863,
        99.6078431372549,
        99.2156862745098,
        99.50980392156863,
        99.80392156862744,
        99.50980392156863,
        99.70588235294117,
        98.82352941176471,
        99.31372549019608,
        99.90196078431373,
        99.6078431372549,
        99.11764705882354,
        98.62745098039215,
        99.01960784313725,
        99.80392156862744,
        99.70588235294117,
        99.80392156862744
    ],
    "val_loss": [
        4.199891872704029,
        3.6650935634970665,
        3.2104982659220695,
        2.847938761115074,
        2.5579708367586136,
        2.3982670083642006,
        2.258991550654173,
        2.1199348494410515,
        2.0511453188955784,
        1.987052645534277,
        2.0559806376695633,
        2.0070591755211353,
        1.992334932088852,
        1.9489657953381538,
        1.9306452721357346,
        1.986948013305664,
        1.9255825877189636,
        1.9861288256943226,
        1.9868904873728752,
        1.9205080084502697,
        1.9833717085421085,
        1.9505659565329552,
        1.9455638900399208,
        2.0312232300639153,
        1.9536972790956497,
        2.03453516215086,
        1.9945715367794037,
        1.975044809281826,
        1.9580692201852798,
        1.909436795860529
    ],
    "val_acc": [
        64.11764705882354,
        84.41176470588235,
        91.66666666666667,
        94.01960784313725,
        94.31372549019608,
        94.41176470588235,
        93.72549019607843,
        94.50980392156863,
        95.58823529411765,
        95.7843137254902,
        91.96078431372548,
        93.52941176470588,
        92.94117647058823,
        94.31372549019608,
        94.50980392156863,
        92.3529411764706,
        93.52941176470588,
        92.15686274509804,
        91.66666666666667,
        94.6078431372549,
        92.25490196078431,
        91.86274509803921,
        92.74509803921569,
        89.31372549019608,
        92.3529411764706,
        89.90196078431373,
        91.56862745098039,
        91.07843137254902,
        91.66666666666667,
        93.33333333333333
    ],
    "test_loss": 1.9553092304289033,
    "test_acc": 91.77101967799642,
    "num_params": 87533670
}