{
    "train_loss": [
        4.73561193048954,
        3.713433027267456,
        2.990779109299183,
        2.3855955004692078,
        1.9547182619571686,
        1.6778239533305168,
        1.4154689759016037,
        1.2247580084949732,
        1.0611363910138607,
        0.9917756076902151,
        0.8549452293664217,
        0.8191873617470264,
        0.7828657105565071,
        0.7881145812571049,
        0.7797663025557995,
        0.8050853684544563,
        0.7599808182567358,
        0.7478397078812122,
        0.755331477150321,
        0.7456729542464018,
        0.7285715583711863,
        0.7167599909007549,
        0.7460260642692447,
        0.7340063657611609,
        0.75066396035254,
        0.7374751791357994,
        0.7279734201729298,
        0.7060495559126139,
        0.7257047705352306,
        0.7191757597029209
    ],
    "train_acc": [
        2.450980392156863,
        23.92156862745098,
        47.64705882352941,
        66.47058823529412,
        72.74509803921569,
        79.31372549019608,
        83.82352941176471,
        83.82352941176471,
        88.03921568627452,
        87.05882352941177,
        91.27450980392157,
        92.6470588235294,
        93.33333333333333,
        92.45098039215686,
        92.25490196078431,
        92.84313725490196,
        93.23529411764706,
        93.33333333333333,
        93.13725490196079,
        92.94117647058823,
        93.23529411764706,
        92.94117647058823,
        92.94117647058823,
        94.11764705882354,
        93.43137254901961,
        93.72549019607843,
        94.41176470588235,
        94.70588235294117,
        92.94117647058823,
        93.82352941176471
    ],
    "val_loss": [
        4.073431812226772,
        3.269625097513199,
        2.7217366099357605,
        2.283636998385191,
        1.982370536774397,
        1.756952702999115,
        1.6230645682662725,
        1.4734352864325047,
        1.3803275246173143,
        1.309600641950965,
        1.2769387271255255,
        1.278017496690154,
        1.244513850659132,
        1.235616184771061,
        1.2265594732016325,
        1.2355803288519382,
        1.2273418940603733,
        1.2112820204347372,
        1.2002981640398502,
        1.2085888423025608,
        1.1955341510474682,
        1.1805730480700731,
        1.19715915620327,
        1.1934355590492487,
        1.1972094345837831,
        1.203151011839509,
        1.1934807170182467,
        1.184038931503892,
        1.1956520788371563,
        1.1840837989002466
    ],
    "val_acc": [
        12.941176470588236,
        38.627450980392155,
        52.94117647058823,
        60.588235294117645,
        64.90196078431373,
        68.03921568627452,
        68.52941176470588,
        71.27450980392157,
        73.23529411764706,
        73.33333333333333,
        74.41176470588235,
        75.68627450980392,
        76.66666666666667,
        76.76470588235294,
        76.56862745098039,
        76.47058823529412,
        76.56862745098039,
        76.47058823529412,
        76.66666666666667,
        76.56862745098039,
        77.15686274509804,
        77.3529411764706,
        76.56862745098039,
        76.96078431372548,
        76.96078431372548,
        76.76470588235294,
        76.66666666666667,
        77.54901960784314,
        76.37254901960785,
        77.05882352941177
    ],
    "test_loss": 1.2894368300243362,
    "test_acc": 73.5404130752968,
    "num_params": 11228838
}