{
    "train_loss": [
        4.352705746889114,
        3.595438316464424,
        2.940645858645439,
        2.3667678646743298,
        1.88144913315773,
        1.5067965798079967,
        1.2406699620187283,
        1.0182258673012257,
        0.889081746339798,
        0.8202823139727116,
        0.7159528266638517,
        0.7340299198403955,
        0.6865589804947376,
        0.688715249300003,
        0.7212271764874458,
        0.713600822724402,
        0.6878969538956881,
        0.6855909023433924,
        0.6446622647345066,
        0.6792346127331257,
        0.6531016686931252,
        0.6548582585528493,
        0.6624279310926795,
        0.7040691310539842,
        0.663634330034256,
        0.6523234425112605,
        0.6655290061607957,
        0.6667701844125986,
        0.6312974179163575,
        0.6545629566535354
    ],
    "train_acc": [
        32.745098039215684,
        82.25490196078431,
        85.0,
        86.76470588235294,
        88.62745098039215,
        89.50980392156863,
        89.6078431372549,
        89.90196078431373,
        90.58823529411765,
        90.29411764705883,
        92.05882352941177,
        92.05882352941177,
        92.54901960784314,
        92.6470588235294,
        91.56862745098039,
        92.45098039215686,
        93.33333333333333,
        92.05882352941177,
        94.01960784313725,
        92.25490196078431,
        92.05882352941177,
        93.13725490196079,
        91.76470588235294,
        91.56862745098039,
        92.94117647058823,
        93.33333333333333,
        92.15686274509804,
        92.6470588235294,
        92.84313725490196,
        93.82352941176471
    ],
    "val_loss": [
        3.8609321042895317,
        3.117259703576565,
        2.46269254386425,
        1.899940524250269,
        1.4568227604031563,
        1.1315530575811863,
        0.9002367462962866,
        0.7392212627455592,
        0.6223864546045661,
        0.5368107571266592,
        0.5295940986834466,
        0.522752427496016,
        0.5157362199388444,
        0.5087446449324489,
        0.5018239226192236,
        0.4951099148020148,
        0.4887370658107102,
        0.48202333226799965,
        0.4755220115184784,
        0.4691652460023761,
        0.4685328733175993,
        0.4679055572487414,
        0.46727597899734974,
        0.4666418400593102,
        0.46599183417856693,
        0.46532764844596386,
        0.46470347326248884,
        0.4640286914072931,
        0.4633605545386672,
        0.4626901620067656
    ],
    "val_acc": [
        84.90196078431373,
        93.03921568627452,
        94.2156862745098,
        94.90196078431373,
        95.09803921568627,
        95.29411764705883,
        95.58823529411765,
        95.58823529411765,
        95.98039215686275,
        96.07843137254902,
        96.07843137254902,
        96.17647058823529,
        96.17647058823529,
        96.37254901960785,
        96.37254901960785,
        96.47058823529412,
        96.37254901960785,
        96.66666666666667,
        96.56862745098039,
        96.66666666666667,
        96.66666666666667,
        96.66666666666667,
        96.66666666666667,
        96.66666666666667,
        96.66666666666667,
        96.66666666666667,
        96.66666666666667,
        96.66666666666667,
        96.66666666666667,
        96.66666666666667
    ],
    "test_loss": 0.5065308601590636,
    "test_acc": 95.26752317449991,
    "num_params": 87533670
}