{
    "train_loss": [
        4.775332972407341,
        4.307311810553074,
        3.965898610651493,
        3.5987446159124374,
        3.2217076420783997,
        2.926151715219021,
        2.5356132201850414,
        2.4124715477228165,
        1.9942454770207405,
        1.8829411529004574,
        1.4132194798439741,
        1.109695153310895,
        0.9842372667044401,
        0.9130420871078968,
        0.8034162847325206,
        0.7588947992771864,
        0.7050531459972262,
        0.6708408733829856,
        0.635039665736258,
        0.5991281922906637,
        0.5506488541141152,
        0.5433872193098068,
        0.5297015197575092,
        0.5417691841721535,
        0.545034060254693,
        0.5352828744798899,
        0.5114822145551443,
        0.5032996805384755,
        0.502463691867888,
        0.5185863161459565
    ],
    "train_acc": [
        2.0588235294117645,
        5.196078431372549,
        7.352941176470588,
        11.27450980392157,
        17.352941176470587,
        23.627450980392158,
        31.372549019607842,
        34.31372549019608,
        46.568627450980394,
        47.35294117647059,
        59.705882352941174,
        70.68627450980392,
        76.17647058823529,
        78.23529411764706,
        81.66666666666667,
        82.6470588235294,
        82.45098039215686,
        85.7843137254902,
        84.50980392156863,
        86.47058823529412,
        88.23529411764706,
        89.31372549019608,
        89.01960784313725,
        89.41176470588235,
        88.92156862745098,
        88.23529411764706,
        89.2156862745098,
        90.3921568627451,
        90.3921568627451,
        89.6078431372549
    ],
    "val_loss": [
        5.269395120441914,
        4.512138947844505,
        3.914474554359913,
        3.9735345989465714,
        3.2791206687688828,
        3.418524816632271,
        4.546324022114277,
        2.769064825028181,
        2.6302233561873436,
        3.4237802363932133,
        1.9070063196122646,
        1.7955228481441736,
        1.7649221625179052,
        1.817840225994587,
        1.7099217548966408,
        1.6929156873375177,
        1.6753734108060598,
        1.7028218694031239,
        1.6693682949990034,
        1.6949240490794182,
        1.6449139844626188,
        1.6326989121735096,
        1.6540425457060337,
        1.6555319856852293,
        1.645549401640892,
        1.6407572776079178,
        1.6237520053982735,
        1.6255614291876554,
        1.6347597111016512,
        1.6378055326640606
    ],
    "val_acc": [
        3.3333333333333335,
        5.196078431372549,
        10.098039215686274,
        10.588235294117647,
        15.294117647058824,
        18.235294117647058,
        16.470588235294116,
        29.705882352941178,
        33.03921568627451,
        25.980392156862745,
        50.588235294117645,
        53.627450980392155,
        55.588235294117645,
        54.21568627450981,
        56.666666666666664,
        56.470588235294116,
        58.03921568627451,
        56.96078431372549,
        56.96078431372549,
        56.76470588235294,
        58.333333333333336,
        58.13725490196079,
        57.549019607843135,
        57.450980392156865,
        57.84313725490196,
        57.84313725490196,
        58.627450980392155,
        58.03921568627451,
        57.84313725490196,
        58.03921568627451
    ],
    "test_loss": 1.899330205790737,
    "test_acc": 51.927142624817044,
    "num_params": 21336998
}