{
    "train_loss": [
        4.865899428725243,
        4.671313092112541,
        4.486281543970108,
        4.181083962321281,
        4.044367551803589,
        3.9103905856609344,
        3.7249822691082954,
        3.538749285042286,
        3.438549093902111,
        3.2435619980096817,
        3.009883888065815,
        2.8632823899388313,
        2.7070860117673874,
        2.646661698818207,
        2.5371252298355103,
        2.547698672860861,
        2.4583815932273865,
        2.411457411944866,
        2.361826177686453,
        2.2055945843458176,
        2.096511486917734,
        2.0167741551995277,
        2.005946572870016,
        1.9341865964233875,
        1.9497729390859604,
        1.9136116094887257,
        1.8977497704327106,
        1.888461023569107,
        1.8230897709727287,
        1.8298102878034115
    ],
    "train_acc": [
        1.2745098039215685,
        0.49019607843137253,
        1.7647058823529411,
        4.411764705882353,
        5.294117647058823,
        7.8431372549019605,
        9.117647058823529,
        12.156862745098039,
        14.117647058823529,
        17.647058823529413,
        24.215686274509803,
        26.666666666666668,
        29.41176470588235,
        34.11764705882353,
        33.13725490196079,
        33.23529411764706,
        37.15686274509804,
        37.745098039215684,
        37.94117647058823,
        41.07843137254902,
        43.92156862745098,
        45.68627450980392,
        47.84313725490196,
        48.03921568627451,
        47.15686274509804,
        49.90196078431372,
        48.72549019607843,
        51.372549019607845,
        51.1764705882353,
        50.78431372549019
    ],
    "val_loss": [
        61.30087411403656,
        4.572266981005669,
        341.1138416528702,
        4.036781094968319,
        3.959817849099636,
        6.638025745749474,
        3.609898179769516,
        5.661829650402069,
        4.037950970232487,
        3.341580957174301,
        3.0706886872649193,
        2.990894265472889,
        3.0186467431485653,
        2.9070845395326614,
        2.867679476737976,
        2.853357471525669,
        2.853270500898361,
        2.7784867957234383,
        2.7365133315324783,
        2.765434391796589,
        2.708537884056568,
        2.669512379914522,
        2.643267136067152,
        2.6523878946900368,
        2.6206569485366344,
        2.633760776370764,
        2.6127101331949234,
        2.6111973226070404,
        2.6025612838566303,
        2.5867391116917133
    ],
    "val_acc": [
        0.9803921568627451,
        2.9411764705882355,
        3.1372549019607843,
        5.098039215686274,
        7.254901960784314,
        11.372549019607844,
        13.235294117647058,
        14.019607843137255,
        15.588235294117647,
        16.764705882352942,
        24.313725490196077,
        25.58823529411765,
        25.294117647058822,
        27.647058823529413,
        28.529411764705884,
        30.19607843137255,
        27.45098039215686,
        30.392156862745097,
        31.862745098039216,
        32.94117647058823,
        33.333333333333336,
        34.31372549019608,
        34.705882352941174,
        33.13725490196079,
        34.80392156862745,
        34.21568627450981,
        34.31372549019608,
        34.411764705882355,
        34.80392156862745,
        35.09803921568628
    ],
    "test_loss": 2.877618037666064,
    "test_acc": 29.777199544641405,
    "num_params": 58352806
}