{
    "train_loss": [
        4.747999861836433,
        3.709547445178032
    ],
    "train_acc": [
        3.5294117647058822,
        22.941176470588236
    ],
    "val_loss": [
        4.105325870215893,
        3.411597080528736
    ],
    "val_acc": [
        12.745098039215685,
        33.92156862745098
    ],
    "test_loss": 3.488937738028215,
    "test_acc": 30.76923076923077,
    "num_params": 21336998
}