{
    "train_loss": [
        4.428464964032173,
        3.166231222450733
    ],
    "train_acc": [
        7.254901960784314,
        22.45098039215686
    ],
    "val_loss": [
        6.285454548895359,
        2.861940912902355
    ],
    "val_acc": [
        5.784313725490196,
        25.686274509803923
    ],
    "test_loss": 3.0810239521950638,
    "test_acc": 22.65409009595056,
    "num_params": 21336998
}