{
    "train_loss": [
        4.851208865642548,
        4.409947142004967,
        4.106664955615997,
        3.8744812980294228,
        3.4885896369814873,
        3.3233040273189545,
        3.048296272754669,
        2.79668590426445,
        2.61897399276495,
        2.5132473967969418,
        2.1359284818172455,
        1.7437914162874222,
        1.5792548470199108,
        1.427827026695013,
        1.3321014754474163,
        1.1672013849020004,
        1.127169305458665,
        1.071851957589388,
        1.0090799760073423,
        0.8780369162559509,
        0.7661560233682394,
        0.7183940140530467,
        0.7172637917101383,
        0.7167850723490119,
        0.7231518374755979,
        0.6661114813759923,
        0.6715336544439197,
        0.6643213611096144,
        0.6652467418462038,
        0.6589523144066334
    ],
    "train_acc": [
        1.8627450980392157,
        3.7254901960784315,
        6.176470588235294,
        7.352941176470588,
        13.627450980392156,
        15.588235294117647,
        20.58823529411765,
        26.470588235294116,
        30.098039215686274,
        30.0,
        43.03921568627451,
        53.8235294117647,
        56.666666666666664,
        58.92156862745098,
        62.35294117647059,
        66.07843137254902,
        67.05882352941177,
        67.15686274509804,
        71.66666666666667,
        74.50980392156863,
        78.03921568627452,
        80.49019607843137,
        80.09803921568627,
        82.25490196078431,
        80.88235294117646,
        83.33333333333333,
        84.11764705882354,
        83.13725490196079,
        83.03921568627452,
        83.13725490196079
    ],
    "val_loss": [
        8.288410797715187,
        4.408717587590218,
        5.247510097920895,
        4.061723254621029,
        3.827645640820265,
        3.6338872611522675,
        3.7876209765672684,
        2.9402850307524204,
        4.1499844044446945,
        4.103235170245171,
        2.2093074321746826,
        2.0452923625707626,
        1.9792868215590715,
        1.9779323805123568,
        1.996583018451929,
        1.8642332423478365,
        1.963091030716896,
        1.8233218789100647,
        1.8519447017461061,
        1.8268056455999613,
        1.7221089322119951,
        1.7205937784165144,
        1.6768815834075212,
        1.6818965170532465,
        1.6927553657442331,
        1.6811701487749815,
        1.6871704366058111,
        1.6777839753776789,
        1.6834670025855303,
        1.6625608168542385
    ],
    "val_acc": [
        2.450980392156863,
        2.6470588235294117,
        4.901960784313726,
        7.647058823529412,
        13.627450980392156,
        14.509803921568627,
        15.980392156862745,
        26.470588235294116,
        22.745098039215687,
        15.980392156862745,
        41.96078431372549,
        48.333333333333336,
        50.0,
        50.588235294117645,
        49.509803921568626,
        54.11764705882353,
        48.72549019607843,
        52.35294117647059,
        51.76470588235294,
        53.333333333333336,
        55.490196078431374,
        56.372549019607845,
        56.76470588235294,
        57.15686274509804,
        57.35294117647059,
        57.745098039215684,
        57.549019607843135,
        56.86274509803921,
        57.549019607843135,
        57.94117647058823
    ],
    "test_loss": 1.9362753479900756,
    "test_acc": 52.512603675394374,
    "num_params": 23717030
}