{
    "train_loss": [
        4.315501697361469,
        3.504449963569641,
        2.7938274517655373,
        2.154568936675787,
        1.7144942581653595,
        1.3115266971290112,
        1.0566920340061188,
        0.8482458908110857,
        0.7065704334527254,
        0.6611276343464851,
        0.5905070258304477,
        0.5804209532216191,
        0.5854880567640066,
        0.5658514937385917,
        0.5507974177598953,
        0.5214862897992134,
        0.553036842495203,
        0.5056896861642599,
        0.5252803470939398,
        0.5291935000568628,
        0.5015066601336002,
        0.5214986922219396,
        0.5322128012776375,
        0.5070513626560569,
        0.5008807661943138,
        0.5418021157383919,
        0.5102817518636584,
        0.5140798585489392,
        0.5298522189259529,
        0.4946650508791208
    ],
    "train_acc": [
        37.84313725490196,
        86.96078431372548,
        90.3921568627451,
        90.98039215686275,
        91.37254901960785,
        92.54901960784314,
        93.03921568627452,
        94.50980392156863,
        95.58823529411765,
        93.92156862745098,
        94.90196078431373,
        95.09803921568627,
        94.70588235294117,
        95.68627450980392,
        95.29411764705883,
        95.58823529411765,
        95.19607843137256,
        95.7843137254902,
        94.90196078431373,
        94.31372549019608,
        96.27450980392157,
        95.09803921568627,
        95.0,
        95.7843137254902,
        95.7843137254902,
        95.58823529411765,
        95.3921568627451,
        95.3921568627451,
        95.49019607843137,
        95.98039215686275
    ],
    "val_loss": [
        3.813241943717003,
        3.03338436037302,
        2.3334759138524532,
        1.7453085295856,
        1.3105036281049252,
        1.0021708440035582,
        0.7854295903816819,
        0.6311831464990973,
        0.5238817962817848,
        0.4482662258669734,
        0.44206604128703475,
        0.43578043999150395,
        0.42945532547309995,
        0.4233592296950519,
        0.41727718990296125,
        0.41090232552960515,
        0.40461419941857457,
        0.3987714643590152,
        0.3926973077468574,
        0.3870220519602299,
        0.38643527310341597,
        0.3858780828304589,
        0.3852836745791137,
        0.3847086448222399,
        0.384099914226681,
        0.3834890639409423,
        0.3828861294314265,
        0.3822645414620638,
        0.3816397190093994,
        0.38100339844822884
    ],
    "val_acc": [
        86.76470588235294,
        95.58823529411765,
        95.49019607843137,
        96.27450980392157,
        96.86274509803921,
        96.96078431372548,
        96.86274509803921,
        97.45098039215686,
        97.6470588235294,
        98.03921568627452,
        98.03921568627452,
        97.94117647058823,
        97.94117647058823,
        97.94117647058823,
        97.94117647058823,
        98.03921568627452,
        98.03921568627452,
        98.13725490196079,
        98.03921568627452,
        98.13725490196079,
        98.13725490196079,
        98.13725490196079,
        98.13725490196079,
        98.13725490196079,
        98.13725490196079,
        98.13725490196079,
        98.13725490196079,
        98.13725490196079,
        98.13725490196079,
        98.13725490196079
    ],
    "test_loss": 0.4112328763066796,
    "test_acc": 97.44673930720442,
    "num_params": 85877094
}