{
    "train_loss": [
        4.747990399599075,
        3.7329349145293236
    ],
    "train_acc": [
        2.2549019607843137,
        22.352941176470587
    ],
    "val_loss": [
        4.145206443965435,
        3.375185504555702
    ],
    "val_acc": [
        9.901960784313726,
        35.3921568627451
    ],
    "test_loss": 3.4501244947700305,
    "test_acc": 32.16783216783217,
    "num_params": 21336998
}