{
    "train_loss": [
        4.413295544683933,
        3.7181565538048744,
        3.038789939135313,
        2.505438257008791,
        2.1450224090367556,
        1.9243857450783253,
        1.813528973609209,
        1.7499377634376287,
        1.8096303101629019,
        1.8455351516604424,
        1.8232724349945784,
        1.7831412311643362,
        1.738499753177166,
        1.72227075509727,
        1.6925350055098534,
        1.7183805741369724,
        1.7291225623339415,
        1.705207522958517,
        1.7153505068272352,
        1.7455348763614893,
        1.7466921154409647,
        1.7015864234417677,
        1.7266503237187862,
        1.6851090546697378,
        1.674657752737403,
        1.6814819388091564,
        1.6918585393577814,
        1.6925407368689775,
        1.7025792449712753,
        1.7237451672554016
    ],
    "train_acc": [
        23.92156862745098,
        77.94117647058823,
        93.43137254901961,
        97.74509803921569,
        98.82352941176471,
        99.2156862745098,
        99.70588235294117,
        99.90196078431373,
        98.23529411764706,
        96.66666666666667,
        99.31372549019608,
        98.23529411764706,
        98.92156862745098,
        98.62745098039215,
        100.0,
        98.62745098039215,
        98.52941176470588,
        99.2156862745098,
        98.43137254901961,
        98.03921568627452,
        98.52941176470588,
        99.01960784313725,
        98.23529411764706,
        99.70588235294117,
        99.80392156862744,
        99.41176470588235,
        98.82352941176471,
        99.2156862745098,
        98.72549019607843,
        97.84313725490196
    ],
    "val_loss": [
        4.010772291570902,
        3.3731032721698284,
        2.8235288858413696,
        2.438099507242441,
        2.163713091984391,
        2.063427785411477,
        1.9665631409734488,
        1.9829601924866438,
        2.0607894770801067,
        2.0119462497532368,
        1.9616220965981483,
        1.9484110828489065,
        1.9187567364424467,
        1.9309984911233187,
        1.8716455604881048,
        1.924096692353487,
        1.9230717439204454,
        1.8957801666110754,
        2.026134643703699,
        2.2309536207467318,
        1.9364302195608616,
        2.018911125138402,
        1.9629792887717485,
        1.9025038164108992,
        1.928389923647046,
        1.9471389073878527,
        2.046868057921529,
        1.9019682742655277,
        1.9927436877042055,
        2.0871734879910946
    ],
    "val_acc": [
        66.56862745098039,
        88.23529411764706,
        92.3529411764706,
        95.3921568627451,
        94.11764705882354,
        94.01960784313725,
        93.92156862745098,
        92.74509803921569,
        91.37254901960785,
        91.47058823529412,
        93.92156862745098,
        93.72549019607843,
        92.84313725490196,
        91.96078431372548,
        94.31372549019608,
        91.47058823529412,
        92.3529411764706,
        93.23529411764706,
        87.45098039215686,
        82.45098039215686,
        91.56862745098039,
        88.43137254901961,
        90.3921568627451,
        92.84313725490196,
        91.76470588235294,
        90.3921568627451,
        86.56862745098039,
        91.47058823529412,
        89.80392156862744,
        85.49019607843137
    ],
    "test_loss": 2.171534772972008,
    "test_acc": 83.28183444462515,
    "num_params": 70550130
}