{
    "train_loss": [
        3.7376912236213684,
        2.1803570799529552,
        1.4127584360539913,
        0.8916906304657459,
        0.6406672839075327,
        0.5187234366312623,
        0.39039722131565213,
        0.3528697616420686,
        0.34030433977022767,
        0.33923123124986887,
        0.4256426354404539,
        0.27035561855882406,
        0.18052784819155931,
        0.1872288177255541,
        0.21221427037380636,
        0.13614031532779336,
        0.09257885988336056,
        0.14882470679003745,
        0.26793931028805673,
        0.257433308288455,
        0.20690517546609044,
        0.1588291913503781,
        0.12933493172749877,
        0.16953483689576387,
        0.15547145355958492,
        0.08848705241689458,
        0.1099949637427926,
        0.11110634339274839,
        0.07206245453562587,
        0.11191274365410209
    ],
    "train_acc": [
        20.980392156862745,
        54.411764705882355,
        74.11764705882354,
        83.62745098039215,
        89.50980392156863,
        89.80392156862744,
        93.82352941176471,
        94.2156862745098,
        94.50980392156863,
        93.52941176470588,
        91.27450980392157,
        95.29411764705883,
        97.74509803921569,
        96.56862745098039,
        96.56862745098039,
        98.13725490196079,
        99.31372549019608,
        97.74509803921569,
        93.72549019607843,
        95.49019607843137,
        96.76470588235294,
        97.45098039215686,
        97.6470588235294,
        96.76470588235294,
        97.74509803921569,
        98.72549019607843,
        98.13725490196079,
        98.72549019607843,
        99.11764705882354,
        98.13725490196079
    ],
    "val_loss": [
        2.6345136016607285,
        1.822906380519271,
        1.3400270696729422,
        1.2841487945988774,
        1.1858537010848522,
        1.0767293190583587,
        1.1143478685989976,
        1.0840961318463087,
        1.1778074502944946,
        1.3175566545687616,
        0.993519120849669,
        0.9180683353915811,
        0.7561997007578611,
        1.109221963211894,
        0.7945607914589345,
        0.5954362377524376,
        0.7204227307811379,
        0.9458313453942537,
        1.21600111015141,
        0.9272409363184124,
        0.9135032403282821,
        0.8695969278924167,
        0.7782344459556043,
        1.1276755630970001,
        0.8471133932471275,
        0.6958632925525308,
        0.7991565617267042,
        0.7257502148859203,
        0.6108655740972608,
        0.9340563900768757
    ],
    "val_acc": [
        37.745098039215684,
        58.8235294117647,
        68.62745098039215,
        69.41176470588235,
        72.45098039215686,
        73.43137254901961,
        73.82352941176471,
        74.50980392156863,
        71.17647058823529,
        68.03921568627452,
        75.09803921568627,
        78.03921568627452,
        82.15686274509804,
        73.72549019607843,
        80.19607843137256,
        85.7843137254902,
        83.13725490196079,
        77.54901960784314,
        71.66666666666667,
        78.72549019607843,
        78.43137254901961,
        79.11764705882354,
        81.56862745098039,
        72.54901960784314,
        79.2156862745098,
        83.52941176470588,
        80.7843137254902,
        81.86274509803921,
        85.7843137254902,
        75.58823529411765
    ],
    "test_loss": 1.1648697744843712,
    "test_acc": 73.39404781265246,
    "num_params": 23717030
}