{
    "train_loss": [
        3.6431444361805916,
        1.7801148034632206,
        0.9605107195675373,
        0.5278896642848849,
        0.32061959942802787,
        0.20872695744037628,
        0.16272303485311568,
        0.1008469044463709,
        0.1016941808629781,
        0.10012029472272843,
        0.20283754239790142,
        0.16249372460879385,
        0.08850897953379899,
        0.11715927335899323,
        0.0921983354492113,
        0.10006320441607386,
        0.08825177082326263,
        0.1099480987759307,
        0.11650010501034558,
        0.08579415135318413,
        0.10066981369163841,
        0.0726273896289058,
        0.046507567167282104,
        0.037247834756271914,
        0.0424613069917541,
        0.050922306429129094,
        0.05947121084318496,
        0.05896073981421068,
        0.07935073308181018,
        0.047475227212999016
    ],
    "train_acc": [
        23.823529411764707,
        74.11764705882354,
        89.70588235294117,
        96.47058823529412,
        98.33333333333333,
        99.41176470588235,
        99.80392156862744,
        99.80392156862744,
        99.6078431372549,
        99.2156862745098,
        97.74509803921569,
        98.72549019607843,
        99.41176470588235,
        98.62745098039215,
        99.41176470588235,
        99.01960784313725,
        99.2156862745098,
        98.72549019607843,
        98.52941176470588,
        99.31372549019608,
        98.92156862745098,
        99.41176470588235,
        99.70588235294117,
        99.41176470588235,
        99.80392156862744,
        99.50980392156863,
        99.31372549019608,
        99.31372549019608,
        98.72549019607843,
        99.6078431372549
    ],
    "val_loss": [
        2.172629088163376,
        1.5127888172864914,
        1.5203240998089314,
        1.119253795593977,
        1.0427461918443441,
        0.9233280858024955,
        0.8851626557298005,
        0.7724940297193825,
        0.7959838444367051,
        0.845578289590776,
        1.0031536598689854,
        0.786517437081784,
        0.8576058382168412,
        0.7811805258970708,
        0.8582208622246981,
        1.1652360912412405,
        0.7879180470481515,
        1.0470001175999641,
        1.0403679688461125,
        0.8164736377075315,
        0.8488750802353024,
        0.7259738342836499,
        0.6430274597369134,
        0.7312309858389199,
        0.8180997185409069,
        0.9279216639697552,
        0.8524926975369453,
        0.9419219894334674,
        0.9945209510624409,
        0.8337641814723611
    ],
    "val_acc": [
        49.6078431372549,
        74.70588235294117,
        78.43137254901961,
        81.96078431372548,
        81.86274509803921,
        85.58823529411765,
        83.92156862745098,
        86.47058823529412,
        84.80392156862744,
        85.3921568627451,
        79.70588235294117,
        85.29411764705883,
        84.31372549019608,
        83.62745098039215,
        82.6470588235294,
        79.11764705882354,
        84.01960784313725,
        80.68627450980392,
        77.94117647058823,
        83.13725490196079,
        82.3529411764706,
        85.58823529411765,
        86.66666666666667,
        85.68627450980392,
        82.25490196078431,
        81.56862745098039,
        82.05882352941177,
        79.90196078431373,
        79.6078431372549,
        81.86274509803921
    ],
    "test_loss": 0.9867745107208702,
    "test_acc": 77.70369165718003,
    "num_params": 11228838
}