{
    "train_loss": [
        4.607217848300934,
        4.180528402328491,
        3.788685619831085,
        3.4045050740242004,
        2.998969256877899,
        2.636971928179264,
        2.270256105810404,
        1.9477721937000751,
        1.519116424024105,
        1.318211542442441,
        0.8676289860159159,
        0.6754143806174397,
        0.6068144841119647,
        0.5449655624106526,
        0.48592678364366293,
        0.4360197838395834,
        0.4175569764338434,
        0.3624839694239199,
        0.32912784861400723,
        0.3040198781527579,
        0.2809872990474105,
        0.2870112909004092,
        0.27439010748639703,
        0.27616113144904375,
        0.2701076832599938,
        0.270857360213995,
        0.26541416393592954,
        0.26287589501589537,
        0.2581501044332981,
        0.2574698901735246
    ],
    "train_acc": [
        1.1764705882352942,
        4.607843137254902,
        10.098039215686274,
        17.647058823529413,
        26.96078431372549,
        36.470588235294116,
        45.490196078431374,
        53.431372549019606,
        63.92156862745098,
        68.03921568627452,
        84.01960784313725,
        89.31372549019608,
        90.19607843137256,
        92.74509803921569,
        94.2156862745098,
        95.7843137254902,
        95.49019607843137,
        96.86274509803921,
        97.6470588235294,
        98.03921568627452,
        98.13725490196079,
        98.33333333333333,
        98.82352941176471,
        98.33333333333333,
        98.33333333333333,
        98.52941176470588,
        98.43137254901961,
        98.33333333333333,
        98.92156862745098,
        98.62745098039215
    ],
    "val_loss": [
        4.375548243522644,
        3.8393953144550323,
        3.464634157717228,
        3.1884673088788986,
        2.890960693359375,
        2.635645192116499,
        2.3081200011074543,
        2.1077753715217113,
        1.9857093673199415,
        1.7604431100189686,
        1.3939087456092238,
        1.331703182309866,
        1.284434761852026,
        1.2503001503646374,
        1.2080243742093444,
        1.1842374494299293,
        1.1491090673953295,
        1.127268387004733,
        1.093791201710701,
        1.1071226447820663,
        1.099246340803802,
        1.0932022165507078,
        1.0919832503423095,
        1.088290449231863,
        1.0888023702427745,
        1.0842159669846296,
        1.0828071674332023,
        1.0792350508272648,
        1.0759724043309689,
        1.0757131027057767
    ],
    "val_acc": [
        4.117647058823529,
        14.313725490196079,
        20.19607843137255,
        25.980392156862745,
        31.07843137254902,
        39.31372549019608,
        45.68627450980392,
        49.509803921568626,
        52.35294117647059,
        56.76470588235294,
        65.68627450980392,
        67.84313725490196,
        68.82352941176471,
        69.11764705882354,
        70.7843137254902,
        71.86274509803921,
        72.15686274509804,
        72.3529411764706,
        73.92156862745098,
        73.82352941176471,
        74.01960784313725,
        73.72549019607843,
        73.82352941176471,
        73.92156862745098,
        74.11764705882354,
        74.01960784313725,
        74.31372549019608,
        74.11764705882354,
        74.90196078431373,
        74.50980392156863
    ],
    "test_loss": 1.3256300668487895,
    "test_acc": 68.30378923402179,
    "num_params": 87533670
}