{
    "train_loss": [
        4.743753209710121,
        3.162207528948784,
        2.222678229212761,
        1.646241344511509,
        1.2739769481122494,
        0.9979943353682756,
        0.8378763012588024,
        0.7376187592744827,
        0.6177975973114371,
        0.5371524775400758,
        0.4583941651508212,
        0.4220340196043253,
        0.4092957526445389,
        0.38122412003576756,
        0.3942958847619593,
        0.37895479425787926,
        0.36774321645498276,
        0.3693023482337594,
        0.37313822004944086,
        0.37732470221817493,
        0.37278242874890566,
        0.3709150329232216,
        0.3640521648339927,
        0.37901119235903025,
        0.3377212225459516,
        0.3464200049638748,
        0.34677047887817025,
        0.35146392276510596,
        0.3483575601130724,
        0.3617735207080841
    ],
    "train_acc": [
        6.2745098039215685,
        38.333333333333336,
        63.431372549019606,
        74.11764705882354,
        79.80392156862744,
        84.90196078431373,
        88.03921568627452,
        89.6078431372549,
        92.05882352941177,
        92.84313725490196,
        95.0,
        96.27450980392157,
        96.27450980392157,
        97.25490196078431,
        96.56862745098039,
        97.3529411764706,
        97.74509803921569,
        97.15686274509804,
        96.96078431372548,
        96.66666666666667,
        97.05882352941177,
        96.56862745098039,
        97.15686274509804,
        96.56862745098039,
        97.15686274509804,
        97.54901960784314,
        97.45098039215686,
        97.6470588235294,
        97.94117647058823,
        97.3529411764706
    ],
    "val_loss": [
        3.7056419402360916,
        2.667358350008726,
        2.0698994807899,
        1.6338780503720045,
        1.4055230878293514,
        1.2561249155551195,
        1.118440697900951,
        1.0080596832558513,
        0.9433502750471234,
        0.9373050164431334,
        0.8644870594143867,
        0.8320844974368811,
        0.8301384001970291,
        0.8183195907622576,
        0.8308859914541245,
        0.8103510225191712,
        0.8009219570085406,
        0.7960292100906372,
        0.7991983881220222,
        0.8073575664311647,
        0.802186862565577,
        0.7928789854049683,
        0.7992896139621735,
        0.7893914375454187,
        0.7871775096282363,
        0.7882096171379089,
        0.7795824855566025,
        0.7979172021150589,
        0.7920026676729321,
        0.7955474751070142
    ],
    "val_acc": [
        16.470588235294116,
        48.03921568627451,
        59.705882352941174,
        68.03921568627452,
        73.82352941176471,
        75.58823529411765,
        77.84313725490196,
        79.50980392156863,
        79.2156862745098,
        78.92156862745098,
        82.05882352941177,
        82.84313725490196,
        83.43137254901961,
        83.62745098039215,
        82.84313725490196,
        83.23529411764706,
        83.92156862745098,
        83.82352941176471,
        83.72549019607843,
        82.94117647058823,
        83.92156862745098,
        83.33333333333333,
        84.01960784313725,
        83.92156862745098,
        84.01960784313725,
        84.2156862745098,
        84.01960784313725,
        84.01960784313725,
        84.01960784313725,
        83.72549019607843
    ],
    "test_loss": 0.8861243438380988,
    "test_acc": 81.00504147015775,
    "num_params": 58352806
}