{
    "train_loss": [
        4.303996540606022,
        2.955631524324417,
        1.7221745140850544,
        0.9582200199365616,
        0.6656435457989573,
        0.5101959770545363,
        0.4678311855532229,
        0.37744297506287694,
        0.40860659582540393,
        0.24435851792804897,
        0.12126898451242596,
        0.06640097533818334,
        0.05598669347818941,
        0.05864622915396467,
        0.04575407027732581,
        0.049604980391450226,
        0.04152428772067651,
        0.037806874839589,
        0.03991378017235547,
        0.03585067653330043,
        0.03955557162407786,
        0.035218452219851315,
        0.033351475663948804,
        0.03634428116492927,
        0.03413625294342637,
        0.03503037471091375,
        0.038317334838211536,
        0.03462963877245784,
        0.03130919416435063,
        0.03152703394880518
    ],
    "train_acc": [
        18.333333333333332,
        62.15686274509804,
        81.27450980392157,
        89.90196078431373,
        89.90196078431373,
        90.88235294117646,
        90.09803921568627,
        92.15686274509804,
        90.88235294117646,
        95.0,
        98.03921568627452,
        99.50980392156863,
        99.70588235294117,
        99.50980392156863,
        99.90196078431373,
        99.80392156862744,
        99.90196078431373,
        99.90196078431373,
        99.90196078431373,
        100.0,
        99.80392156862744,
        99.80392156862744,
        100.0,
        99.90196078431373,
        100.0,
        99.80392156862744,
        99.70588235294117,
        99.80392156862744,
        100.0,
        100.0
    ],
    "val_loss": [
        3.5230376347899437,
        2.258964914828539,
        1.4904395993798971,
        1.003772135823965,
        0.9876861879602075,
        1.0848547099158168,
        0.9551902860403061,
        0.8932557953521609,
        0.9986055409535766,
        0.8165662984829396,
        0.5928349172463641,
        0.5540667715249583,
        0.5480335467727855,
        0.539750819443725,
        0.5188881281064823,
        0.5135701383696869,
        0.5042371323797852,
        0.49907298549078405,
        0.4808628004975617,
        0.4728060474153608,
        0.47294839436654,
        0.4718094209674746,
        0.4715579787734896,
        0.47156991774681956,
        0.47149408992845565,
        0.4708421288523823,
        0.4718489043880254,
        0.46894864726345986,
        0.4686628176132217,
        0.469355285866186
    ],
    "val_acc": [
        57.35294117647059,
        77.84313725490196,
        78.52941176470588,
        81.96078431372548,
        78.52941176470588,
        74.70588235294117,
        77.45098039215686,
        78.33333333333333,
        75.58823529411765,
        80.98039215686275,
        86.76470588235294,
        87.74509803921569,
        88.03921568627452,
        88.23529411764706,
        88.62745098039215,
        88.33333333333333,
        88.72549019607843,
        88.23529411764706,
        88.92156862745098,
        89.01960784313725,
        89.11764705882354,
        89.01960784313725,
        89.11764705882354,
        89.11764705882354,
        89.11764705882354,
        89.11764705882354,
        89.11764705882354,
        89.50980392156863,
        89.50980392156863,
        89.50980392156863
    ],
    "test_loss": 0.5864581652275176,
    "test_acc": 86.16035127663035,
    "num_params": 87533670
}