{
    "train_loss": [
        4.736190915107727,
        4.109837345778942,
        3.7812600508332253,
        3.6260818764567375,
        3.559755377471447,
        3.409868098795414,
        3.316233202815056,
        3.357246868312359,
        3.3646287098526955,
        3.286140412092209,
        3.0307539626955986,
        2.745032861828804,
        2.658855490386486,
        2.5572615936398506,
        2.4794448390603065,
        2.3639889657497406,
        2.3160096183419228,
        2.2336340695619583,
        2.219570893794298,
        2.1611006930470467,
        2.0508738942444324,
        2.03022850304842,
        2.031769562512636,
        2.030367225408554,
        1.9532579369843006,
        1.997206375002861,
        2.008036758750677,
        1.9671139977872372,
        1.9353125505149364,
        1.9576536938548088
    ],
    "train_acc": [
        2.549019607843137,
        5.392156862745098,
        9.509803921568627,
        12.647058823529411,
        10.980392156862745,
        15.588235294117647,
        17.254901960784313,
        16.470588235294116,
        15.882352941176471,
        15.098039215686274,
        21.568627450980394,
        28.725490196078432,
        29.607843137254903,
        32.745098039215684,
        35.19607843137255,
        37.05882352941177,
        38.431372549019606,
        39.411764705882355,
        40.0,
        40.3921568627451,
        45.588235294117645,
        42.84313725490196,
        44.411764705882355,
        44.11764705882353,
        46.666666666666664,
        45.78431372549019,
        45.19607843137255,
        44.11764705882353,
        45.588235294117645,
        45.294117647058826
    ],
    "val_loss": [
        5.547095723450184,
        3.918424978852272,
        3.7242534048855305,
        3.805138796567917,
        3.5142608359456062,
        3.712842769920826,
        3.7494815587997437,
        4.038319103419781,
        3.3863060995936394,
        3.8490454852581024,
        3.036470800638199,
        2.9428862407803535,
        2.836859881877899,
        2.8162363171577454,
        2.6726416498422623,
        2.737194776535034,
        2.70355811342597,
        2.61976670473814,
        2.60629690438509,
        2.566690120846033,
        2.56374079734087,
        2.550337139517069,
        2.5231088399887085,
        2.5363200455904007,
        2.5091917887330055,
        2.5337325781583786,
        2.5395358614623547,
        2.5318440459668636,
        2.507423736155033,
        2.5407303012907505
    ],
    "val_acc": [
        2.9411764705882355,
        6.372549019607843,
        12.549019607843137,
        10.784313725490197,
        11.666666666666666,
        13.529411764705882,
        11.470588235294118,
        9.411764705882353,
        16.07843137254902,
        11.470588235294118,
        23.725490196078432,
        23.92156862745098,
        26.862745098039216,
        27.745098039215687,
        31.568627450980394,
        30.686274509803923,
        29.901960784313726,
        31.862745098039216,
        33.03921568627451,
        33.72549019607843,
        33.92156862745098,
        34.6078431372549,
        35.490196078431374,
        35.68627450980392,
        36.1764705882353,
        35.0,
        34.6078431372549,
        34.509803921568626,
        34.80392156862745,
        34.90196078431372
    ],
    "test_loss": 2.744791983013944,
    "test_acc": 29.305578142787446,
    "num_params": 22503828
}