{
    "train_loss": [
        4.780299678444862,
        3.2165662348270416,
        2.2550723887979984,
        1.7161305248737335,
        1.2872875202447176,
        1.0511992275714874,
        0.8515003491193056,
        0.7261794712394476,
        0.6485256981104612,
        0.5810053171589971,
        0.4498201720416546,
        0.4077138854190707,
        0.3881691130809486,
        0.4170940723270178,
        0.4008117876946926,
        0.3848300096578896,
        0.4031073646619916,
        0.387619792483747,
        0.3684124071151018,
        0.36793693201616406,
        0.352292169816792,
        0.37380250031128526,
        0.3643623208627105,
        0.38259821105748415,
        0.35959919774904847,
        0.3512112060561776,
        0.37483828654512763,
        0.3721744935028255,
        0.36468494962900877,
        0.35174094000831246
    ],
    "train_acc": [
        6.2745098039215685,
        37.450980392156865,
        59.411764705882355,
        71.37254901960785,
        78.33333333333333,
        83.62745098039215,
        85.98039215686275,
        89.90196078431373,
        90.29411764705883,
        91.37254901960785,
        95.29411764705883,
        96.66666666666667,
        96.56862745098039,
        95.88235294117646,
        96.07843137254902,
        96.66666666666667,
        97.25490196078431,
        96.37254901960785,
        97.25490196078431,
        96.37254901960785,
        97.05882352941177,
        96.96078431372548,
        95.98039215686275,
        96.66666666666667,
        97.05882352941177,
        97.84313725490196,
        96.37254901960785,
        96.96078431372548,
        97.25490196078431,
        97.05882352941177
    ],
    "val_loss": [
        3.718732699751854,
        2.6801518574357033,
        2.1214786637574434,
        1.6734827756881714,
        1.401902535930276,
        1.2791231563314795,
        1.130284644663334,
        1.019428564235568,
        1.0234781615436077,
        0.9433892518281937,
        0.8799389484338462,
        0.8733346043154597,
        0.8620667504146695,
        0.856861119158566,
        0.8556773150339723,
        0.8603950003162026,
        0.8509595422074199,
        0.8378338096663356,
        0.82766068354249,
        0.8225484117865562,
        0.8348588589578867,
        0.8249284941703081,
        0.8402190553024411,
        0.8310206513851881,
        0.8300443692132831,
        0.8325797850266099,
        0.8279379233717918,
        0.8325433563441038,
        0.825777979567647,
        0.8257284108549356
    ],
    "val_acc": [
        21.862745098039216,
        47.745098039215684,
        57.94117647058823,
        68.43137254901961,
        71.56862745098039,
        72.74509803921569,
        76.86274509803921,
        79.2156862745098,
        76.66666666666667,
        79.70588235294117,
        82.45098039215686,
        82.25490196078431,
        82.54901960784314,
        82.84313725490196,
        82.84313725490196,
        82.54901960784314,
        83.13725490196079,
        83.13725490196079,
        83.52941176470588,
        83.52941176470588,
        82.25490196078431,
        83.03921568627452,
        82.6470588235294,
        83.33333333333333,
        83.23529411764706,
        83.03921568627452,
        83.23529411764706,
        83.03921568627452,
        82.94117647058823,
        83.43137254901961
    ],
    "test_loss": 0.9063786874896813,
    "test_acc": 79.83411936900309,
    "num_params": 42709158
}