{
    "train_loss": [
        4.354100301861763,
        3.6172332614660263
    ],
    "train_acc": [
        30.784313725490197,
        80.49019607843137
    ],
    "val_loss": [
        3.867946445941925,
        3.13687601685524
    ],
    "val_acc": [
        84.70588235294117,
        93.23529411764706
    ],
    "test_loss": 3.1698048176543083,
    "test_acc": 91.1855586274191,
    "num_params": 87533670
}