{
    "train_loss": [
        4.8786285519599915,
        4.587783083319664,
        4.418024316430092,
        4.20502744615078,
        3.994082532823086,
        3.8315733298659325,
        3.699962265789509,
        3.5811541751027107,
        3.4418525621294975,
        3.3280724212527275,
        3.0445379242300987,
        2.860848017036915,
        2.732530899345875,
        2.6690399199724197,
        2.541180655360222,
        2.446142315864563,
        2.3698202297091484,
        2.3223030641674995,
        2.225652478635311,
        2.116564277559519,
        1.94843190908432,
        1.8915088512003422,
        1.877182062715292,
        1.7763855159282684,
        1.8093250580132008,
        1.7561634667217731,
        1.7435127310454845,
        1.7127503901720047,
        1.685929287225008,
        1.742331888526678
    ],
    "train_acc": [
        1.1764705882352942,
        1.6666666666666667,
        2.3529411764705883,
        3.3333333333333335,
        5.882352941176471,
        6.666666666666667,
        8.137254901960784,
        10.980392156862745,
        13.03921568627451,
        14.215686274509803,
        22.352941176470587,
        25.980392156862745,
        30.49019607843137,
        31.176470588235293,
        32.15686274509804,
        35.294117647058826,
        35.78431372549019,
        39.01960784313726,
        40.09803921568628,
        41.76470588235294,
        46.666666666666664,
        49.411764705882355,
        50.19607843137255,
        50.0,
        52.745098039215684,
        51.27450980392157,
        52.94117647058823,
        50.98039215686274,
        54.01960784313726,
        51.568627450980394
    ],
    "val_loss": [
        23.73584035038948,
        4.471195660531521,
        4.281224362552166,
        4.254747286438942,
        4.0959524512290955,
        4.1073755249381065,
        3.853739358484745,
        3.5867235139012337,
        3.6097498163580894,
        3.52976593375206,
        3.1563795432448387,
        3.0369964987039566,
        2.90857320651412,
        2.862168326973915,
        2.871764950454235,
        2.823321659117937,
        2.788694851100445,
        2.7016431391239166,
        2.6604436188936234,
        2.6168418750166893,
        2.5054382868111134,
        2.473382692784071,
        2.509963031858206,
        2.4576160050928593,
        2.4768782071769238,
        2.4668678380548954,
        2.4645525962114334,
        2.5024034045636654,
        2.420715756714344,
        2.4549308717250824
    ],
    "val_acc": [
        1.3725490196078431,
        2.9411764705882355,
        2.9411764705882355,
        4.509803921568627,
        9.019607843137255,
        8.431372549019608,
        10.098039215686274,
        13.72549019607843,
        14.117647058823529,
        15.098039215686274,
        21.666666666666668,
        25.58823529411765,
        27.058823529411764,
        30.0,
        29.705882352941178,
        30.784313725490197,
        31.07843137254902,
        31.764705882352942,
        33.529411764705884,
        34.705882352941174,
        36.666666666666664,
        37.450980392156865,
        37.254901960784316,
        38.92156862745098,
        38.333333333333336,
        38.431372549019606,
        38.431372549019606,
        37.35294117647059,
        39.01960784313726,
        38.72549019607843
    ],
    "test_loss": 2.75311530284931,
    "test_acc": 33.485119531631156,
    "num_params": 23717030
}