{
    "train_loss": [
        3.4651242047548294,
        1.47129263356328,
        0.6940707815811038,
        0.42904008366167545,
        0.3309500180184841,
        0.26943642063997686,
        0.2605975444894284,
        0.24336853623390198,
        0.2101617909502238,
        0.18703868961893022,
        0.2929333900101483,
        0.17220535641536117,
        0.17833268223330379,
        0.186380842293147,
        0.23727469355799258,
        0.2126597019378096,
        0.1569876205176115,
        0.15038086485583335,
        0.16671145759755746,
        0.12300213158596307,
        0.175947027746588,
        0.11470700064091943,
        0.060250761758652516,
        0.038325439410982653,
        0.04376148110895883,
        0.10254363846615888,
        0.20007856446318328,
        0.24371836509089917,
        0.1883317424217239,
        0.10897027619648725
    ],
    "train_acc": [
        27.941176470588236,
        69.11764705882354,
        87.45098039215686,
        90.98039215686275,
        93.03921568627452,
        94.70588235294117,
        94.90196078431373,
        94.70588235294117,
        95.7843137254902,
        95.7843137254902,
        93.03921568627452,
        96.27450980392157,
        96.17647058823529,
        95.58823529411765,
        94.01960784313725,
        94.31372549019608,
        95.88235294117646,
        96.07843137254902,
        95.58823529411765,
        96.76470588235294,
        95.19607843137256,
        97.45098039215686,
        98.52941176470588,
        99.50980392156863,
        98.62745098039215,
        97.15686274509804,
        94.01960784313725,
        93.72549019607843,
        94.90196078431373,
        96.56862745098039
    ],
    "val_loss": [
        2.0766129437834024,
        1.6596260610967875,
        1.1520570926368237,
        0.9934972925111651,
        1.0577191268093884,
        1.1698389607481658,
        1.2171855922788382,
        1.1549393888562918,
        1.2214968847110868,
        1.1630815751850605,
        1.5628641257062554,
        1.3902051383629441,
        1.229757231194526,
        1.293404589407146,
        1.1346226609311998,
        1.3685334268957376,
        0.9949610866606236,
        1.1772277445998043,
        1.103299783077091,
        1.1128897643648088,
        1.2622652165591717,
        0.9083859259262681,
        0.8984712203964591,
        0.7765857502818108,
        0.9655694328248501,
        1.717469469178468,
        2.2502974458038807,
        1.6693365005776286,
        1.3676799554377794,
        0.8531063129194081
    ],
    "val_acc": [
        50.0,
        59.509803921568626,
        71.66666666666667,
        75.09803921568627,
        72.6470588235294,
        70.68627450980392,
        67.94117647058823,
        70.7843137254902,
        70.68627450980392,
        72.3529411764706,
        66.56862745098039,
        67.94117647058823,
        69.01960784313725,
        68.43137254901961,
        70.58823529411765,
        70.0,
        74.01960784313725,
        73.23529411764706,
        72.94117647058823,
        73.92156862745098,
        69.70588235294117,
        76.96078431372548,
        78.62745098039215,
        81.47058823529412,
        77.05882352941177,
        65.0,
        55.294117647058826,
        65.29411764705883,
        69.2156862745098,
        77.94117647058823
    ],
    "test_loss": 1.1016354214235986,
    "test_acc": 74.0608228980322,
    "num_params": 21336998
}