{
    "train_loss": [
        4.291446879506111,
        3.3891748189926147,
        2.75094535946846,
        2.2883904948830605,
        1.886758629232645,
        1.5772198922932148,
        1.2840041927993298,
        1.113895921036601,
        0.8850621730089188,
        0.7214259710162878,
        1.0752542968839407,
        0.7070024004206061,
        0.5244286116212606,
        0.45160500798374414,
        0.3978486587293446,
        0.3607206642627716,
        0.29498020140454173,
        0.23293897905386984,
        0.19383196835406125,
        0.21913056587800384,
        0.483531235717237,
        0.2984182988293469,
        0.21430552983656526,
        0.20295558194629848,
        0.23764755483716726,
        0.26162790739908814,
        0.1665279334411025,
        0.12561990809626877,
        0.12311771139502525,
        0.1331553787458688
    ],
    "train_acc": [
        7.0588235294117645,
        26.96078431372549,
        43.333333333333336,
        55.294117647058826,
        64.2156862745098,
        73.82352941176471,
        79.80392156862744,
        82.15686274509804,
        88.43137254901961,
        90.58823529411765,
        85.58823529411765,
        93.03921568627452,
        95.3921568627451,
        96.07843137254902,
        96.37254901960785,
        96.66666666666667,
        97.84313725490196,
        98.43137254901961,
        98.92156862745098,
        98.23529411764706,
        95.3921568627451,
        98.82352941176471,
        99.41176470588235,
        99.01960784313725,
        97.3529411764706,
        97.6470588235294,
        99.11764705882354,
        99.2156862745098,
        99.2156862745098,
        98.82352941176471
    ],
    "val_loss": [
        3.9245237335562706,
        3.399963326752186,
        2.811308693140745,
        2.46813315525651,
        2.436350394040346,
        2.514910999685526,
        2.4262383095920086,
        1.8043822664767504,
        2.0518574863672256,
        1.7090179044753313,
        1.7466565649956465,
        1.5186979435384274,
        1.4005016777664423,
        1.5252576172351837,
        1.7931322418153286,
        1.4716220684349537,
        1.3739838674664497,
        1.5329583045095205,
        1.4120553266257048,
        1.5432303622364998,
        1.8528736121952534,
        1.6654098741710186,
        1.3805014193058014,
        1.2249078452587128,
        1.4837791584432125,
        1.9147391133010387,
        1.5860800500959158,
        1.325504856184125,
        1.2536755381152034,
        1.571930419653654
    ],
    "val_acc": [
        11.568627450980392,
        18.431372549019606,
        35.19607843137255,
        37.64705882352941,
        45.68627450980392,
        39.21568627450981,
        41.1764705882353,
        61.568627450980394,
        51.07843137254902,
        61.372549019607845,
        60.78431372549019,
        66.96078431372548,
        69.90196078431373,
        67.54901960784314,
        59.31372549019608,
        68.72549019607843,
        69.50980392156863,
        65.58823529411765,
        69.41176470588235,
        63.23529411764706,
        56.86274509803921,
        62.450980392156865,
        69.11764705882354,
        72.84313725490196,
        67.3529411764706,
        57.254901960784316,
        63.72549019607843,
        70.88235294117646,
        72.94117647058823,
        64.2156862745098
    ],
    "test_loss": 1.7693111042786447,
    "test_acc": 60.4325906651488,
    "num_params": 8283882
}