{
    "train_loss": [
        4.501041039824486,
        2.4373962730169296,
        1.437399733811617,
        0.89831308927387,
        0.5285680023953319,
        0.3762340201064944,
        0.31658599711954594,
        0.23061776743270457,
        0.19037778954952955,
        0.23310224758461118,
        0.14924310811329633,
        0.05831513993325643,
        0.05392485283664428,
        0.04165859817294404,
        0.04482030268991366,
        0.030782431334955618,
        0.02253728749928996,
        0.026876063129748218,
        0.016776677424786612,
        0.015095174327143468,
        0.016361539499484934,
        0.020097614484257065,
        0.017325623834040016,
        0.014566520956577733,
        0.017248431700863875,
        0.015783778595505282,
        0.022484250817797147,
        0.016136966936755925,
        0.018702365399803966,
        0.014994445242336951
    ],
    "train_acc": [
        8.92156862745098,
        40.09803921568628,
        60.19607843137255,
        75.98039215686275,
        85.29411764705883,
        90.29411764705883,
        91.76470588235294,
        93.33333333333333,
        95.0,
        93.72549019607843,
        96.37254901960785,
        98.82352941176471,
        98.72549019607843,
        99.41176470588235,
        99.01960784313725,
        99.6078431372549,
        99.6078431372549,
        99.80392156862744,
        100.0,
        100.0,
        100.0,
        99.6078431372549,
        99.80392156862744,
        100.0,
        99.80392156862744,
        99.90196078431373,
        99.80392156862744,
        100.0,
        99.80392156862744,
        99.80392156862744
    ],
    "val_loss": [
        3.1434692442417145,
        2.008946245536208,
        1.8150413939729333,
        0.9735558638349175,
        1.1236235005781054,
        1.132456935942173,
        1.0050402097404003,
        0.9330622153356671,
        0.8936065626330674,
        1.1997717069461942,
        0.6843768598046154,
        0.617087428458035,
        0.5791300171986222,
        0.5729342281119898,
        0.5510052411118522,
        0.5388337729964405,
        0.5379668073728681,
        0.5394460104871541,
        0.5326733745168895,
        0.5292157647199929,
        0.5381675169337541,
        0.536838601808995,
        0.542865097289905,
        0.5437923070276156,
        0.5365140899084508,
        0.5277746194042265,
        0.537986961659044,
        0.5278339379001409,
        0.5258451229892671,
        0.5290655032731593
    ],
    "val_acc": [
        25.0,
        48.333333333333336,
        52.745098039215684,
        73.62745098039215,
        68.23529411764706,
        72.74509803921569,
        73.82352941176471,
        77.94117647058823,
        78.03921568627452,
        71.66666666666667,
        82.3529411764706,
        84.31372549019608,
        85.29411764705883,
        85.7843137254902,
        86.07843137254902,
        86.47058823529412,
        86.27450980392157,
        86.17647058823529,
        86.17647058823529,
        86.37254901960785,
        85.98039215686275,
        85.58823529411765,
        85.3921568627451,
        86.07843137254902,
        86.27450980392157,
        86.07843137254902,
        85.98039215686275,
        86.17647058823529,
        86.27450980392157,
        86.47058823529412
    ],
    "test_loss": 0.6566563996587701,
    "test_acc": 82.69637339404781,
    "num_params": 24329030
}