{
    "train_loss": [
        4.71023990213871,
        3.676132455468178
    ],
    "train_acc": [
        2.3529411764705883,
        25.19607843137255
    ],
    "val_loss": [
        4.076388120651245,
        3.2961456030607224
    ],
    "val_acc": [
        11.176470588235293,
        35.0
    ],
    "test_loss": 3.3580999411449532,
    "test_acc": 32.36298585135795,
    "num_params": 11228838
}