{
    "train_loss": [
        3.579683370888233,
        1.773725152015686,
        0.9658382199704647,
        0.6206869157031178,
        0.4359147478826344,
        0.2748097013682127,
        0.2293927522841841,
        0.22524089133366942,
        0.17799110151827335,
        0.2459374936297536,
        0.37860566889867187,
        0.19140809192322195,
        0.1906087005045265,
        0.16266655107028782,
        0.1741161271929741,
        0.12624330318067223,
        0.12473400653107092,
        0.1429704128531739,
        0.09349634259706363,
        0.12006862298585474,
        0.18432276125531644,
        0.1387955027166754,
        0.08338003430981189,
        0.056055012391880155,
        0.08238755154889077,
        0.0777391791343689,
        0.06300170050235465,
        0.08178418592433445,
        0.08972506073769182,
        0.18447901558829471
    ],
    "train_acc": [
        24.11764705882353,
        66.76470588235294,
        85.29411764705883,
        91.37254901960785,
        94.41176470588235,
        96.07843137254902,
        96.96078431372548,
        96.56862745098039,
        97.54901960784314,
        95.7843137254902,
        93.13725490196079,
        97.45098039215686,
        96.76470588235294,
        97.3529411764706,
        96.86274509803921,
        98.23529411764706,
        97.94117647058823,
        98.33333333333333,
        99.11764705882354,
        98.13725490196079,
        96.27450980392157,
        97.74509803921569,
        98.62745098039215,
        99.50980392156863,
        98.43137254901961,
        99.01960784313725,
        99.50980392156863,
        98.72549019607843,
        98.72549019607843,
        96.76470588235294
    ],
    "val_loss": [
        2.7912107668817043,
        1.6737868767231703,
        1.5255333855748177,
        1.2576797809451818,
        1.4173822831362486,
        1.1077268321532756,
        0.9804657408967614,
        1.140593122690916,
        0.8615414528176188,
        1.4183630971238017,
        1.2297336235642433,
        0.9988218117505312,
        0.8946650885045528,
        1.2083091111853719,
        1.1103134751319885,
        0.8126277704723179,
        1.3181070340797305,
        0.8414418683387339,
        0.8493709666654468,
        0.9856262682005763,
        1.1157148974016309,
        0.8646257519721985,
        0.9517266913317144,
        0.8887290041893721,
        1.3822496973443776,
        0.8251803182065487,
        0.9339128914289176,
        1.095707418397069,
        1.2720186859369278,
        1.1198112010024488
    ],
    "val_acc": [
        33.431372549019606,
        63.431372549019606,
        67.3529411764706,
        71.56862745098039,
        67.84313725490196,
        75.29411764705883,
        77.15686274509804,
        73.62745098039215,
        80.0,
        68.82352941176471,
        73.03921568627452,
        78.62745098039215,
        80.19607843137256,
        72.3529411764706,
        75.0,
        81.96078431372548,
        71.07843137254902,
        80.68627450980392,
        79.90196078431373,
        76.37254901960785,
        74.6078431372549,
        80.3921568627451,
        79.80392156862744,
        80.3921568627451,
        72.05882352941177,
        81.07843137254902,
        79.11764705882354,
        76.07843137254902,
        71.96078431372548,
        74.90196078431373
    ],
    "test_loss": 1.2092062369369905,
    "test_acc": 73.31273377785006,
    "num_params": 21336998
}