{
    "train_loss": [
        3.7432245314121246,
        2.188322063535452,
        1.486414760351181,
        1.006983071565628,
        0.7115416266024113,
        0.5631986698135734,
        0.3987051243893802,
        0.32190705882385373,
        0.28443329222500324,
        0.26363354665227234,
        0.3962626922875643,
        0.2713501232210547,
        0.2738256093580276,
        0.27126719732768834,
        0.2092775844503194,
        0.13931411714293063,
        0.11648603697540238,
        0.12077945470809937,
        0.09522051457315683,
        0.12179960671346635,
        0.20061906706541777,
        0.1507614575093612,
        0.15920531167648733,
        0.14569956785999238,
        0.11744756298139691,
        0.1265673931920901,
        0.08096930722240359,
        0.10967684927163646,
        0.1407962148077786,
        0.12825907056685537
    ],
    "train_acc": [
        20.980392156862745,
        55.0,
        71.86274509803921,
        82.3529411764706,
        86.56862745098039,
        91.17647058823529,
        94.50980392156863,
        94.2156862745098,
        94.70588235294117,
        95.49019607843137,
        93.43137254901961,
        95.98039215686275,
        94.50980392156863,
        95.19607843137256,
        96.66666666666667,
        97.6470588235294,
        98.33333333333333,
        98.33333333333333,
        98.72549019607843,
        97.54901960784314,
        95.88235294117646,
        97.25490196078431,
        97.25490196078431,
        97.84313725490196,
        97.94117647058823,
        97.6470588235294,
        98.82352941176471,
        97.84313725490196,
        97.3529411764706,
        97.94117647058823
    ],
    "val_loss": [
        3.129873625934124,
        2.0549097172915936,
        1.441474267281592,
        1.1784811578691006,
        1.264369998127222,
        1.1215041307732463,
        1.0098807457834482,
        0.9773224098607898,
        1.0987924486398697,
        0.9816722408868372,
        0.9880400355905294,
        0.8751936401240528,
        0.9596596020273864,
        1.115953965112567,
        0.968573687132448,
        0.7925838446244597,
        0.7888301881030202,
        0.8382323430851102,
        0.7295993063598871,
        1.1065343674272299,
        0.9252432864159346,
        0.9611104947980493,
        0.9308225251734257,
        0.6869073475245386,
        1.0194840147159994,
        0.8544381316751242,
        0.8893153960816562,
        0.8425802225247025,
        0.811625714180991,
        0.9323645830154419
    ],
    "val_acc": [
        26.176470588235293,
        50.78431372549019,
        67.3529411764706,
        73.13725490196079,
        67.84313725490196,
        72.84313725490196,
        73.92156862745098,
        75.88235294117646,
        73.23529411764706,
        75.7843137254902,
        75.88235294117646,
        77.54901960784314,
        77.6470588235294,
        73.23529411764706,
        76.76470588235294,
        80.19607843137256,
        81.07843137254902,
        79.11764705882354,
        82.45098039215686,
        75.29411764705883,
        78.52941176470588,
        76.96078431372548,
        78.62745098039215,
        81.76470588235294,
        76.86274509803921,
        79.11764705882354,
        79.70588235294117,
        80.88235294117646,
        80.58823529411765,
        78.52941176470588
    ],
    "test_loss": 0.9909108302518581,
    "test_acc": 76.72792323955115,
    "num_params": 23717030
}