{
    "train_loss": [
        3.926019724458456,
        2.7957145795226097,
        2.1958725173026323,
        1.7613633293658495,
        1.4339496558532119,
        1.1180204516276717,
        0.9546072240918875,
        0.836718671489507,
        0.6947500156238675,
        0.5836575007997453,
        0.6492639747448266,
        0.496460224268958,
        0.45510386931709945,
        0.40760306490119547,
        0.33657753735315055,
        0.35049419302958995,
        0.3383500004420057,
        0.26641349715646356,
        0.2648553100298159,
        0.23980617511551827,
        0.25331335270311683,
        0.20621198613662273,
        0.23540260933805257,
        0.23097711033187807,
        0.1951803008269053,
        0.1492655962065328,
        0.19849359261570498,
        0.14175670829718,
        0.1609262096171733,
        0.22663048893446103
    ],
    "train_acc": [
        14.411764705882353,
        34.31372549019608,
        48.431372549019606,
        60.0,
        67.15686274509804,
        75.49019607843137,
        80.19607843137256,
        82.6470588235294,
        85.7843137254902,
        88.72549019607843,
        86.66666666666667,
        91.17647058823529,
        90.68627450980392,
        92.45098039215686,
        93.92156862745098,
        93.52941176470588,
        93.03921568627452,
        95.09803921568627,
        95.29411764705883,
        95.19607843137256,
        96.17647058823529,
        96.76470588235294,
        95.49019607843137,
        95.19607843137256,
        96.66666666666667,
        97.3529411764706,
        96.66666666666667,
        97.94117647058823,
        97.25490196078431,
        94.90196078431373
    ],
    "val_loss": [
        3.049918120726943,
        2.412922467570752,
        2.0790720959194005,
        1.8753753143828362,
        1.3679730808362365,
        1.4283089397649746,
        1.2615504266577773,
        1.1864273773971945,
        1.131514000473544,
        1.0890673995309044,
        1.1632588768843561,
        1.1824014481389895,
        0.8622957330371719,
        0.772190301126102,
        0.9922047153795575,
        0.9753672732549603,
        0.8426959116804937,
        0.9133715014904737,
        0.9351225820137188,
        1.0371200585504994,
        0.8434513610991416,
        0.8408398035244318,
        1.1089394378650468,
        1.0282869657457923,
        0.7496580242950586,
        0.7699431041437492,
        0.8173512641442358,
        0.7361764512334048,
        0.7791232389572542,
        0.8894958005694207
    ],
    "val_acc": [
        26.274509803921568,
        39.21568627450981,
        46.96078431372549,
        49.705882352941174,
        66.17647058823529,
        62.254901960784316,
        67.84313725490196,
        69.80392156862744,
        71.66666666666667,
        71.56862745098039,
        70.58823529411765,
        72.54901960784314,
        78.23529411764706,
        80.7843137254902,
        74.41176470588235,
        75.68627450980392,
        78.82352941176471,
        76.47058823529412,
        77.74509803921569,
        74.90196078431373,
        78.92156862745098,
        79.50980392156863,
        74.41176470588235,
        75.88235294117646,
        82.6470588235294,
        81.07843137254902,
        80.7843137254902,
        81.66666666666667,
        78.92156862745098,
        77.74509803921569
    ],
    "test_loss": 1.0519815316074905,
    "test_acc": 75.80094324280371,
    "num_params": 58352806
}