{
    "train_loss": [
        4.815750256180763,
        4.55322240293026,
        4.172956541180611,
        3.7644281163811684,
        3.443453997373581,
        3.1527119576931,
        2.979562930762768,
        2.760707676410675,
        2.42908788099885,
        2.205925974994898,
        1.8742093183100224,
        1.5162420943379402,
        1.3942393846809864,
        1.2330423071980476,
        1.144138215109706,
        1.0302664488554,
        1.0262961089611053,
        0.9322202075272799,
        0.8816038053482771,
        0.7860081996768713,
        0.6956171654164791,
        0.6684036441147327,
        0.6069090291857719,
        0.6102398568764329,
        0.5844325693324208,
        0.577402738854289,
        0.6013538278639317,
        0.5802835049107671,
        0.5366458827629685,
        0.5743372989818454
    ],
    "train_acc": [
        0.9803921568627451,
        2.0588235294117645,
        5.784313725490196,
        10.686274509803921,
        14.509803921568627,
        21.666666666666668,
        22.352941176470587,
        27.54901960784314,
        35.78431372549019,
        40.09803921568628,
        47.745098039215684,
        58.8235294117647,
        63.03921568627451,
        65.68627450980392,
        68.33333333333333,
        70.0,
        70.49019607843137,
        74.6078431372549,
        73.72549019607843,
        77.25490196078431,
        81.86274509803921,
        82.05882352941177,
        84.6078431372549,
        84.01960784313725,
        84.90196078431373,
        85.88235294117646,
        84.11764705882354,
        84.50980392156863,
        86.17647058823529,
        85.29411764705883
    ],
    "val_loss": [
        73.10575842857361,
        4.318855285644531,
        4.248932138085365,
        3.485669083893299,
        5.320765376091003,
        4.353070981800556,
        4.973543144762516,
        2.93819510191679,
        2.9234104715287685,
        4.307120256125927,
        2.066985283046961,
        1.9490475505590439,
        1.886089289560914,
        1.9066820852458477,
        1.9073933940380812,
        1.876595376059413,
        1.8766072168946266,
        1.7917326167225838,
        1.7921025585383177,
        1.7089764438569546,
        1.722604975104332,
        1.6897869687527418,
        1.6870917100459337,
        1.6670486573129892,
        1.682652911171317,
        1.66498832590878,
        1.6431867480278015,
        1.6604457627981901,
        1.6773168239742517,
        1.6874889619648457
    ],
    "val_acc": [
        1.0784313725490196,
        6.666666666666667,
        7.8431372549019605,
        13.03921568627451,
        13.431372549019608,
        14.705882352941176,
        17.15686274509804,
        25.58823529411765,
        25.58823529411765,
        18.823529411764707,
        45.0,
        48.529411764705884,
        51.1764705882353,
        51.666666666666664,
        51.568627450980394,
        52.64705882352941,
        53.431372549019606,
        55.490196078431374,
        55.588235294117645,
        56.27450980392157,
        56.568627450980394,
        58.03921568627451,
        58.72549019607843,
        58.72549019607843,
        58.8235294117647,
        59.31372549019608,
        59.31372549019608,
        59.11764705882353,
        58.431372549019606,
        58.72549019607843
    ],
    "test_loss": 1.9622834064645471,
    "test_acc": 54.22019840624492,
    "num_params": 58352806
}