{
    "train_loss": [
        3.9448491483926773,
        2.1255405880510807
    ],
    "train_acc": [
        15.490196078431373,
        47.35294117647059
    ],
    "val_loss": [
        4.354659043252468,
        2.0468999296426773
    ],
    "val_acc": [
        18.431372549019606,
        47.05882352941177
    ],
    "test_loss": 2.3200874989900564,
    "test_acc": 39.437306879167345,
    "num_params": 11228838
}