{
    "train_loss": [
        3.594637230038643,
        1.5622840132564306,
        0.7533550160005689,
        0.45919444505125284,
        0.309980564750731,
        0.22687588864937425,
        0.1909147163387388,
        0.19057425984647125,
        0.22597474767826498,
        0.1644414037000388,
        0.26393200049642473,
        0.24748309107962996,
        0.2882633504923433,
        0.1951123153558001,
        0.13840581342810765
    ],
    "train_acc": [
        24.11764705882353,
        68.52941176470588,
        85.98039215686275,
        91.66666666666667,
        95.0,
        95.58823529411765,
        96.76470588235294,
        95.49019607843137,
        94.70588235294117,
        96.76470588235294,
        93.23529411764706,
        94.01960784313725,
        92.3529411764706,
        95.19607843137256,
        96.47058823529412
    ],
    "val_loss": [
        2.445432420819998,
        1.4676776006817818,
        1.1656596576794982,
        1.181078634224832,
        0.9205824905075133,
        1.133281555492431,
        0.9506986737251282,
        1.0786377443000674,
        1.123185926117003,
        0.9838933227583766,
        1.3959502261132002,
        1.4341927180066705,
        1.6565097020938993,
        0.9682438429445028,
        0.9378417348489165
    ],
    "val_acc": [
        41.568627450980394,
        64.80392156862744,
        74.80392156862744,
        71.76470588235294,
        77.6470588235294,
        70.3921568627451,
        75.3921568627451,
        73.13725490196079,
        72.6470588235294,
        75.0,
        66.76470588235294,
        65.09803921568627,
        62.549019607843135,
        76.07843137254902,
        77.05882352941177
    ],
    "test_loss": 1.135811744412224,
    "test_acc": 72.82484956903562,
    "num_params": 21336998
}