{
    "train_loss": [
        4.358433574438095,
        3.622848764061928
    ],
    "train_acc": [
        31.470588235294116,
        76.86274509803921
    ],
    "val_loss": [
        3.8668293580412865,
        3.137709192931652
    ],
    "val_acc": [
        83.92156862745098,
        91.96078431372548
    ],
    "test_loss": 3.190112076892754,
    "test_acc": 89.10391933647747,
    "num_params": 87533670
}