{
    "train_loss": [
        4.745785415172577,
        4.641298681497574,
        4.586451843380928,
        4.515983372926712,
        4.380332797765732,
        4.241496928036213,
        4.154060877859592,
        4.094694919884205,
        4.012990511953831,
        3.8775275871157646,
        4.019798994064331,
        3.829194314777851,
        3.7398606911301613,
        3.601450189948082,
        3.527666352689266,
        3.4146697148680687,
        3.2893866896629333,
        3.1827601492404938,
        3.1053395718336105,
        2.9561125561594963,
        2.9659535884857178,
        2.627755731344223,
        2.5420762300491333,
        2.351767413318157,
        2.2184526212513447,
        2.1166582107543945,
        1.973426166921854,
        1.9100302569568157,
        1.6983885020017624,
        1.5777703113853931
    ],
    "train_acc": [
        0.7843137254901961,
        1.0784313725490196,
        1.9607843137254901,
        2.549019607843137,
        3.235294117647059,
        3.627450980392157,
        4.313725490196078,
        5.294117647058823,
        7.352941176470588,
        7.352941176470588,
        6.372549019607843,
        9.411764705882353,
        10.588235294117647,
        10.882352941176471,
        12.843137254901961,
        14.901960784313726,
        16.862745098039216,
        19.705882352941178,
        21.862745098039216,
        24.11764705882353,
        24.215686274509803,
        33.529411764705884,
        34.31372549019608,
        38.03921568627451,
        42.35294117647059,
        45.0,
        48.13725490196079,
        49.21568627450981,
        54.509803921568626,
        58.529411764705884
    ],
    "val_loss": [
        4.631004691123962,
        4.63225744664669,
        4.61270397901535,
        4.592275172472,
        4.46042638272047,
        4.519869528710842,
        4.239728562533855,
        4.155515730381012,
        4.438135489821434,
        4.148103773593903,
        4.650384113192558,
        4.853727154433727,
        3.9009325057268143,
        4.0203231275081635,
        4.20305822044611,
        4.022373370826244,
        3.712993234395981,
        3.8352175429463387,
        4.466823972761631,
        3.5094916447997093,
        4.737911581993103,
        5.018368169665337,
        3.2049967609345913,
        3.184471480548382,
        3.0653946213424206,
        3.1324561461806297,
        2.8630017898976803,
        2.8807623758912086,
        2.904206220060587,
        3.115040086209774
    ],
    "val_acc": [
        0.9803921568627451,
        0.9803921568627451,
        1.4705882352941178,
        2.843137254901961,
        2.3529411764705883,
        4.215686274509804,
        5.294117647058823,
        4.607843137254902,
        6.2745098039215685,
        5.784313725490196,
        0.9803921568627451,
        0.8823529411764706,
        9.411764705882353,
        7.9411764705882355,
        8.137254901960784,
        9.607843137254902,
        13.92156862745098,
        12.058823529411764,
        10.784313725490197,
        16.666666666666668,
        0.9803921568627451,
        2.2549019607843137,
        21.568627450980394,
        23.333333333333332,
        24.50980392156863,
        25.88235294117647,
        30.49019607843137,
        29.80392156862745,
        32.84313725490196,
        26.274509803921568
    ],
    "test_loss": 3.217662484071415,
    "test_acc": 24.703203772971214,
    "num_params": 34484682
}